Primary_Critical_Material,Project_Name,Mining_Method,Co-Producing_Materials,Existing_Mine,Status_of_Project,Regulatory_Challenges,State,County,Latitude,Longitude,Nearest_Population_Center,Population_Size,Additional_Location_Information,Mining_District,Mineral_Occurrence,Lead_Developer,Location_of_Lead_Developer_HQ,Lead_Developer_Website,Parent_Company,Location_of_Parent_Company_HQ,Was_There_Change_in_Ownership_during_Project?,Planned_Production_Capacity_(Thousands_of_Tons/Year),Planned_Lifespan_of_Mine__(Years),Processing_Plan_in_US,Processing_Done_by_the_Same_Lead_Developer/Parent_Company,Total_Capital_Costs__(Millions_of_Dollars),Number_of_Federal_Awards,Federal_Agency,Year_Granted,Grant/Loan,Amount__(Millions_of_Dollars),Purpose_of_Support,Public_Supply_Agreement_w/_an_Automaker_or_Battery/Component_Producer,Type_of_Land,Public_Land_Ownership,Year_of_Land_Acquisition,Evidence_of_Litigation,Number_of_Cases,State_and/or_Federal,Court_Rulings_Issued,Level_of_Court,Link_to_Judicial_Decision
Lithium,Angel Island,Surface,,No-- New Development,Exploration,Yes,Nevada,Esmeralda,37.7552783,-117.634177,"Silver Peak, NV",213,Yes,Silver Peak,Walker Lane Mineral Belt,Century Lithium Corp,CA,https://centurylithium.com/,,,-,27.0,40,Yes,Yes,,,,,,,,-,Public,BLM,,-,,,-,,
Lithium,Basin ,Undetermined,,No-- New Development,Exploration,No,Arizona,Yavapai,34.57774,-113.1742845,"Bagdad, AZ",2661,Yes,Eureka-Bagdad,,Bradda Head Lithium Ltd,UK,https://www.braddaheadltd.com/projects/basin,,,-,,,-,-,,,,,,,,-,Public,BLM/State,,-,,,-,,
Lithium,Big Sandy,Surface,,No-- New Development,Delayed Indefinitely,Yes,Arizona,Mohave,34.7033462,-113.6113242,"Wikieup, AZ",130,Yes,Cleopatra,Big Sandy Basin,Arizona Lithium,AU,https://www.hawkstonemining.com/big-sandy-lithium/,Arizona Lithium,US,-,20.0,30-40,Yes,-,,,,,,,,-,Public,BLM,2019.0,Yes,,Federal & State,Yes,,https://earthjustice.org/wp-content/uploads/2024/11/81-order-granting-pi.pdf
Lithium,Black Hills -- Longview Minerals,,,Yes-- Abandoned,Exploration,No,South Dakota,Custer,43.765152,-103.600768,"Custer, SD",1919,Yes,Black Hills,,Longview Minerals,US,https://irismetals.com/about-us/black-hills-south-dakota/,Iris Metals,AU,-,,,-,-,,,,,,,,-,Public and Private,BLM/State,,-,,,-,,
Lithium,Black Hills -- Midwest Lithium,Surface,,No-- New Development,Exploration,No,South Dakota,Custer,43.765152,-103.600768,"Custer, SD",1919,Yes,Black Hills,,Midwest Lithium,CH/AU,https://midwestlithium.com/south-dakota/,Armada Metals,AU,Yes,,,Yes,Yes,,,,,,,,-,Public and Private,,,-,,,-,,
Lithium,Black Hils -- Patriot Lithium ,,,Yes-- Abandoned,Exploration,No,South Dakota and Wyoming,"Lawrence (SD), Crook (WY) and Pennington (SD)",43.765152,-103.600768,"Spearfish and Keystone, SD","13,282 and 240",Yes,Black Hills ,,Patriot Lithium,AU,https://www.patriotresources.com.au/projects/black-hills-lithium-project/,,,-,,,-,-,,,,,,,,-,Public,USFS,,-,,,-,,
Lithium,Black Hills -- United Lithium,,,Yes-- Abandoned,Exploration,No,South Dakota,Custer,43.765152,-103.600768,"Pringle, SD",109,Yes,Black Hills,,United Lithium,CA,https://unitedlithium.com/united-lithium-corp-establishes-dominant-land-position-in-historical-lithium-pegmatite-production-area-near-custer-south-dakota/,,,-,,,-,-,,,,,,,,-,Public,USFS/BLM,,-,,,-,,
Lithium,Blue Clay,Undetermined,,No-- New Development,Exploration,No,Nevada,Esmeralda,37.7552783,-117.634177,"Silver Peak, NV",121,Yes,,,Sienna Resources Inc,CA,https://www.siennaresourcesinc.com/2024/09/clayton-valley-lithium-update/.,,,Yes,,,-,-,,,,,,,,-,Public,BLM,2022.0,-,,,-,,
Lithium,Bonnie Claire,Surface,Boron,Yes-- Abandoned,Development,No,Nevada,Nye,36.929606,-116.7217689,"Beatty, NV",880,Yes,Gold Mountain,Sarcobatus Valley,Nevada Lithium Resources Inc.,CA,https://nevadalithium.com/,Nevada Lithium Resources Inc.,CA,Yes,32.0,40,Yes,Yes,655,,,,,,,-,Public,BLM,2016.0,-,,,-,,
Lithium,Borax Lake,Undetermined,Boron,No-- New Development,Delayed Indefinitely,Yes,Oregon,Harney,42.26461,-118.6753807,"Fields, OR",120,Yes,,Basin and Range Province,Reedy Lagoon Corporation,AU,https://www.reedylagoon.com.au/,Reedy Lagoon Corporation,AU,-,,,-,-,,,,,,,,-,Public,BLM,2022.0,-,,,Yes,,
Lithium,Boron,Recovery from mine waste,,No-- New Development,Development,No,California,Kern,35.0176306,-117.6680213,"Boron, CA",2086,Yes,Kramer,,Rio Tinto,UK,https://www.riotinto.com,Rio Tinto International Holdings Limited,UK,-,5.0,,Yes,Yes,,1.0,DOE,,,,Processing  ,-,Public,BLM/State,,-,,,-,,
Lithium,Carolina Lithium,Surface,,Yes-- Abandoned,Delayed Indefinitely,Yes,North Carolina,Gaston,35.3787442,-81.3789739,"Cherryville, NC",6707,Yes,,Carolina Tin-Spodumene Belt,Piedmont Lithium,US,https://piedmontlithium.com,Sayona,AU,-,8.0,11.5,Yes,Yes,838.6,1.0,DOE,2022,Grant,141.7,Processing Plant in TN,Yes,Private,,2016.0,Yes,2.0,Federal,-,District,
Lithium,Clayton Valley (ACME),Undetermined,,No-- New Development,Exploration,Yes,Nevada,Esmeralda,37.7552783,-117.634177,"Silver Peak, NV",213,Yes,Silver Peak,Walker Lane Mineral Belt,ACME Lithium Inc.,CA,https://acmelithium.com/project-cc-ccp-sx/,,,-,,40,-,-,,,,,,,,-,Public,BLM,,-,,,-,,
Lithium,Clayton Valley (PEM) ,Direct Lithium Extraction,,No-- New Development,Development,Yes,Nevada,Esmeralda,37.7552783,-117.634177,"Silver Peak, NV",213,Yes,Silver Peak,Walker Lane Mineral Belt,Pure Energy Minerals,CA,https://pureenergyminerals.com/projects1/clayton-valley-project/,,,Yes,,,-,-,,,,,,,,-,Public,BLM,2017.0,Yes,1.0,State,Yes,District,
Lithium,Columbus,Evaporative,Boron,Yes-- Abandoned,Exploration,No,Nevada,Nye,38.100063,-117.2250609,"Tonopah, Nevada",1938,Yes,,,Canter Resources Corporation,CA,https://canterresources.com/.,,,Yes,,,-,-,,,,,,,,-,Public,BLM,,-,,,-,,
Lithium,Compass Minerals,Evaporative,,No-- New Development,Delayed Indefinitely,Yes,Utah,Weber,41.2230048,-111.9738429,"Ogden, UT",87321,Yes,,Great Salt Lake,Compass Minerals,US,https://www.compassminerals.com/who-we-are/,,,-,35.0,,Yes,Yes,,,,,,,,Yes,Private,,,-,,,-,,
Lithium,Fish Lake Valley,Undetermined,"Boron, potassium ",No-- New Development,Exploration,No,Nevada,Esmeralda,37.6677807,-118.067502,"Dyer, NV",232,Yes,,,Lithium Corporation,US,https://lithiumcorporation.com/wp-content/uploads/2024/07/Lithium-Corporation-Presentation-July-2024.pdf; https://wcsecure.weblink.com.au/pdf/1MC/02892212.pdf.,,,-,,,-,-,,,,,,,,-,,,,-,,,-,,
Lithium,Fort Cady,Surface,Boron,No-- New Development,Development,No,California,San Bernardino,34.8986215,-117.0244313,"Barstow, CA",25415,Yes,Hector Basin,,5E Advanced Materials,US,https://5eadvancedmaterials.com/,,,-,,31,-,-,526,2.0,DOE & Import/Export,2024,Loan,471.5,Processing,-,Public,BLM,,-,,,-,,
Lithium,Green River -- American Potash,Evaporative,"Potash, bromine, boron.",No-- New Development,Exploration,No,Utah,Grand County,38.5738096,-109.546214,"Moab, UT",5221,Yes,,,American Critical Minrerals ,US,https://acmineralscorp.com/.,,,Yes,,,-,-,,,,,,,,-,,,,-,,,-,,
Lithium,Green River -- Blackstone,Direct Lithium Extraction,,Yes-- Abandoned,Exploration,No,Utah,Emery,40.9394403,-109.5930444,"Green River, Utah",827,Yes,,,Black Stone Minerals ,US,https://www.ansonresources.com/green-river-lithium-project/,Anson Resources,AU,-,,,Yes,-,,,,,,,,-,Private,,,Yes,1.0,State,-,District,
Lithium,Kings Mountain,Surface,,Yes-- Abandoned,Delayed Indefinitely,No,North Carolina,Cleveland and Gaston,35.2450607,-81.3410516,"Kings Mountain, NC",11142,Yes,,Carolina Tin-Spodumene Belt,Albemarle,US,https://www.albemarle.com,Albemarle,US,Yes,420.0,10,Yes,Yes,,2.0,DOD & DOE,2022/2023,Grant,260.0,"Reopening Mine, development",-,Private,,2015.0,-,,,-,,
Lithium,Let's Go Lithium,Surface,,No-- New Development,Exploration,Yes,Nevada,Nye,36.2087301,-115.984614,"Pahrump, NV",44738,Yes,Pahrump,Beatty-Searchlight Mineral Belt,Rover Critical Minerals,CA,https://www.rovercriticalminerals.com/nevada-lithium,,,-,,,-,-,,,,,,,,-,Public,BLM,,Yes,1.0,,Yes,,
Lithium,Lilac ,Direct Lithium Extraction,,No-- New Development,Delayed Indefinitely,Yes,Utah,Box Elder,41.5110434,-112.0154991,"Brigham City, UT",19650,Yes,,Great Salt Lake,Waterleaf Resources,US,https://lilacsolutions.com/,Lilac Solutions Inc,US,-,3.5,,Yes,Yes,,1.0,DOE,2022,Grant,50.0,DLE Plant,Yes,Public,State,,-,,,-,,
Lithium,Lithium King ,Evaporative,Magnesium,Yes-- Abandoned,Exploration,No,Utah,Toole,40.7374014,-114.0304541,"Wendover, UT",1115,Yes,Wendover,Uinta Belt,Global Battery Minerals,CA,https://gbml.ca/projects/lithium-king/,,,-,,,-,-,,,,,,,,-,Public,BLM,,-,,,-,,
Lithium,McDermitt,Surface,,No-- New Development,Exploration,No,Oregon,Malheur,42.0149296,-117.7267466,"McDermitt, NV",124,Yes,,,Jindalee Resources,AU,https://www.jindaleelithium.com/,Jindalee Resources,AU,Yes,47.5,63,Yes,Yes,3020,,,,,,,-,Public,BLM,2018.0,-,,,-,,
Lithium,McGee,Surface,,No-- New Development,Exploration,No,Nevada,Esmeralda,38.100063,-117.2250609,"Tonopah, Nevada",2009,Yes,,,Spearmint Resources Inc. ,CA,https://www.spearmintresources.ca/.,,,-,,,-,-,,,,,,,,-,Public,BLM,,-,,,-,,
Lithium,North Big Smoky,Undetermined,,No-- New Development,Exploration,No,Nevada,Nye,38.069211,-117.2305861,"Tonopah, Nevada",2478,Yes,,,Lithium Corporation,US,https://lithiumcorporation.com/wp-content/uploads/2024/07/Lithium-Corporation-Presentation-July-2024.pdf,,,-,,,-,-,,,,,,,,-,Public,BLM,,-,,,-,,
Lithium,Panamint Playa,Surface,,No-- New Development,Development,No,California,Inyo,36.341777,-117.39882,"Pahrump, NV",44738,Yes,,Beatty-Searchlight Mineral Belt,IG Lithium LLC,UK,https://igglobalgroup.com/,IG Global Group,UK,-,,,-,-,,,,,,,,-,Public,BLM,,-,,,-,,
Lithium,Paradox Lithium,Direct Lithium Extraction,Bromine,No-- New Development,Development,Yes,Utah,Emery,40.9394403,-109.5930444,"Green River, UT",847,Yes,,Paradox Basin,Anson Resources,AU,https://www.ansonresources.com/,,,-,14.0,23,Yes,Yes,495,,,,,,,Yes,Public and Private,BLM/State,,Yes,1.0,Federal,-,District,
Lithium,Rhyolite Ridge ,Surface,Boron,No-- New Development,Development,Yes,Nevada,Esmeralda,37.6677807,-118.067502,"Dyer, NV",232,Yes,Silver Peak,Walker Lane Mineral Belt,Ioneer,AU,https://rhyolite-ridge.ioneer,Ioneer,AU,Yes,24.0,,Yes,Yes,785,1.0,DOE,2023,Loan,700.0,Processing,Yes,Public,BLM,,Yes,2.0,Federal,Yes,District,https://www.biologicaldiversity.org/species/plants/pdfs/Tiehms-buckwheat-federal-ruling-04-21-2021.pdf
Lithium,Roundtop ,Surface,Rare Earth Elements,No-- New Development,Exploration,No,Texas,Hudspeth,31.1778312,-105.357627,"Sierra Blanca, TX",315,Yes,,Trans Pecos,Texas Mineral Resources,AU,https://tmrcorp.com/projects/rare_earths/; https://www.usare.com/about,USA Rare Earth,US,-,10.8,20,Yes,Yes,354,,,,,,,-,Public,State,,Yes,,,-,,
Lithium,Salton Sea (ATLiS),Direct Lithium Extraction,"Zinc, Manganese",No-- New Development,Development,No,California,Imperial,33.1255773,-115.5140272,"Calipatria, CA",6515,Yes,,Salton Sea,Energy Source Minerals LLC,US,https://www.esminerals.com,Energy Source Minerals LLC,US,-,20.0,,Yes,Yes,661,1.0,DOE,2025,Loan,1361.0,Construction,Yes,Private,State,2012.0,-,,,-,,
Lithium,Salton Sea (BHE),Direct Lithium Extraction,,No-- New Development,Delayed Indefinitely,No,California,Imperial,33.1255773,-115.5140272,"Calipatria, CA",6515,Yes,,Salton Sea,BHE Renewable,US,https://www.bherenewables.com,Berkshire Hathaway,US,-,99.2,,Yes,Yes,,1.0,DOE,2021,Grant,80.0,Demo Plant,-,Private,State,,-,,,-,,
Lithium,Salton Sea (CTR),Direct Lithium Extraction,,No-- New Development,Development,No,California,Imperial,33.24,-115.518889,"Nilan, CA",756,Yes,,Salton Sea,Controlled Thermal Resources,US,https://www.cthermal.com/,Controlled Thermal Resources,US,Yes,330.7,,Yes,-,1850,,,,,,Geothermal Plant,Yes,Private,State,2020.0,Yes,2.0,,Yes,,https://www.courthousenews.com/wp-content/uploads/2025/01/comite-civico-del-valle-v-county-of-imperial-tentative-decision.pdf
Lithium,Silver Peak,Evaporative,Boron,Yes-- Active,Active -- Expansion Plan,Yes,Nevada,Esmeralda,37.7552783,-117.634177,"Silver Peak, NV",213,Yes,Silver Peak,Walker Lane Mineral Belt,Albemarle,US,https://www.albemarle.com,Albemarle,US,Yes,5.0,,Yes,Yes,30-50,1.0,DOE,2022,Grant,150.0,Processing,-,Public and Private,BLM,2015.0,Yes,,,-,,
Lithium,Smackover-LANXESS,Direct Lithium Extraction,Bromine,Yes-- Active,Development,No,Arkansas,Union,33.2115087,-92.6650144,"El Dorado, AR",17755,Yes,,Smackover,Standard Lithium,CA,https://www.standardlithium.com/projects/arkansas-smackover,Equinor,CA,-,23.0,,Yes,-,437,1.0,DOE,2025,Grant,225.0,Construction of DLE Facility in Arkansas,-,Private,,2019.0,-,,,-,,
Lithium,Smackover-XOM/Galvanic,Direct Lithium Extraction,,No-- New Development,Development,No,Arkansas,"Lafayette, Columbia",33.2115087,-92.6650144,"El Dorado, AR",17755,Yes,,Smackover,Galvanic Energy LLC,US,https://galvanicenergy.com,ExxonMobil,US,Yes,,,Yes,Yes,2000,,,,,,,-,Private,,,-,,,-,,
Lithium,Thacker Pass,Evaporative,Boron,No-- New Development,Development,Yes,Nevada,Humboldt,41.569702,-117.7853458,"Orovada, NV",117,Yes,Opalite,Lynn-Railroad Belt,Lithium Americas,CA,https://www.lithiumamericas.com,Lithium Americas Ltd,CA,-,44.1,40,Yes,Yes,2930,2.0,DOD & DOE,2023/2024,Loan/Grant,1611.8,Processing,Yes,Public,BLM,,Yes,2.0,Federal,Yes,District & Circuit,https://www.westernwatersheds.org/wp-content/uploads/2023/02/Thacker-Pass-Court-Opinion-2-6-23.pdf.
Lithium,TLC ,Surface,,No-- New Development,Exploration,No,Nevada,Nye,38.100063,-117.2250609,"Tonopah, NV",2179,Yes,Tonopah,Walker Lane Mineral Belt,American Lithium Corporation,US,https://americanlithiumcorp.com/tlc-lithium-project/,,,-,38.0,40,-,Yes,819,,,,,,,-,Public,BLM,,-,,,-,,
Lithium,Tonopah Flats,Surface,,Yes-- Abandoned,Exploration,No,Nevada,Esmeralda,38.100063,-117.2250609,"Tonopah, NV",2179,Yes,Tonopah,Walker Lane Mineral Belt,American Battery Technology,US,https://americanbatterytechnology.com/projects/tonopah-flats/,,,-,33.1,50,Yes,Yes,782,3.0,DOE,2021/2022,Grant,139.5,Demonstation/Facility/Recycling,-,Public,BLM,,-,,,-,,
Lithium,Utah Lithium,Direct Lithium Extraction,"Boron, Bromine, Potash",No-- New Development,Exploration,No,Utah,Grand,38.5738096,-109.546214,"Moab, UT",5366,Yes,,,Mandrake Resources,AU,https://www.mandrakeresources.com.au/project/utah-lithium-project/,,,Yes,,,Yes,-,,1.0,DOE,2024,Grant,1.0,,-,Public,BLM,,-,,,-,,
Lithium,Whitehorse Ranch,Evaporative,,No-- New Development,Delayed Indefinitely,Yes,Oregon,Harney,42.26461,-118.6753807,"Fields, OR",120,Yes,,Basin and Range Province,ACME Lithium US,CA,https://acmelithium.com/,ACME Lithium Inc.,CA,-,,,-,-,,,,,,,,-,Public,BLM,2022.0,-,,,-,,
Lithium,Willcox Playa,Undetermined,,No-- New Development,Exploration,No,Arizona,Cochise,32.7408453,-114.480458,"Wilcox, AZ",3213,Yes,,Basin and Range Province,Max Power,CA,,,,-,,,-,-,,,,,,,,-,Public,BLM/State,2018.0,-,,,-,,
Lithium,Zeus,Surface,,No-- New Development,Exploration,Yes,Nevada,Esmeralda,38.100063,-117.2250609,"Tonopah, NV",2179,Yes,,,Noram Lithium Corporation,CA,https://noramlithiumcorp.com/resource/clayton-valley/,,,-,,,Yes,Yes,,,,,,,,-,Public,BLM,2016.0,-,,,-,,
Copper,American Pacific Palmer,Underground,"Zinc, Gold, Silver, Barite",No-- New Development,Exploration,Yes,Alaska,,59.0831232,-135.3430573,"Haines, AK",2104,Yes,,,Constantine Mining LLC,US,https://www.visithaines.com/listing/constantine-mining-llc/2109/,American Pacific Mining Corporation,CA,Yes,,,-,-,,,,,,,,-,Public,BLM/State,,Yes,2.0,Federal & State,Yes,District & Appeals,https://earthjustice.org/wp-content/uploads/2023/08/decision.pdf
Copper,Arctic,Surface,"Lead, Zinc, Gold, Silver",No-- New Development,Delayed Indefinitely,Yes,Alaska,,66.907238,-156.8827059,"Kobuk, AK",191,Yes,Ambler,,"Ambler Metals, LLC",US,https://www.amblermetals.com/,South32 Limited and Trilogy Metals Inc. ,AU; CA,-,82.0,12,Yes,Yes,1178,,,,,,,-,Public,BLM/State,,Yes,,,-,,
Copper,Bagdad,Surface,Molybdenum,Yes-- Active,Active -- Expansion Plan,No,Arizona,Yavapai,34.57774,-113.1742845,"Bagdad, AZ",2661,Yes,Eureka-Bagdad,Arizona Porphyry Copper Belt,Freeport-McMoRan,US,https://www.fcx.com,,,Yes,88.0,85,Yes,Yes,,,,,,,,-,Private,,,-,,,-,,
Copper,Bingham Canyon (Kennecott),Surface and Underground,"Molybdenum, Silver, Gold",Yes-- Active,Active -- Expansion Plan,No,Utah,Salt Lake,40.5139784,-112.0329086,"Herriman, UT",55144,Yes,Bingham,Uinta Belt,Rio Tinto,UK,https://www.riotinto.com/en/Operations/us/kennecott,Rio Tinto International Holdings Limited,UK,Yes,250.0,8,-,Yes,498,,,,,,,-,Private,,1989.0,-,,,-,,
Copper,Black Butte,Underground,,No-- New Development,Exploration,Yes,Montana,Meagher,46.5480749,-110.9034718,White Sulphur Springs,955,Yes,,Johnny Lee Deposit,Trintina Montana,CA,https://blackbuttecopper.com/,Sandfire Resources,CA,-,1102.3,8.5-13,-,-,,,,,,,,-,Private,,2015.0,Yes,2.0,State,Yes,Supreme,https://law.justia.com/cases/montana/supreme-court/2024/da-22-0406.html.
Copper,Cactus Copper,Surface,"Silver, Gold",Yes-- Abandoned,Exploration,No,Arizona,Pinal,32.8772834,-111.7536818,"Casa Grande, AZ",55653,Yes,Preuss,,Arizona Sonoran,CA,https://arizonasonoran.com/,Arizona Sonoran,CA,Yes,116.9,31,-,Yes,688,,,,,,,-,Private,,2020.0,-,,,-,,
Copper,CK Gold/Copper,Surface,Gold,Yes-- Abandoned,Exploration,No,Wyoming,Laramie,41.139981,-104.820246,"Cheyenne, WY",65132,Yes,Silver Crown ,,US Gold Corporation,US,https://www.usgoldcorp.gold/,,,-,,10,Yes,Yes,222,,,,,,,-,Public and Private,State,,-,,,-,,
Copper,Copper Creek,Surface and Underground,,Yes-- Abandoned,Exploration,No,Arizona,Pinal,32.722568,-110.640654,"Mammoth, AZ",1650,Yes,,Arizona Porphyry Copper Belt,Faraday Copper,CA,https://faradaycopper.com/,,,Yes,,33,Yes,Yes,798,,,,,,,Yes,Public and Private,BLM/State,,-,,,-,,
Copper,Copper World Complex (Rosemont),Underground,,No-- New Development,Delayed Indefinitely,Yes,Arizona,Pima,31.6723455,-110.6619555,"Sonoita, AZ",803,Yes,Helvetia-Rosemont,Copper Porphyry Belt,Hudbay Minerals,CA,https://www.hudbayminerals.com,Augusta Resource Corporation of Canada,CA,Yes,100.0,21,-,-,1300,,,,,,,-,Public and Private,USFS/State,,Yes,1.0,Federal,Yes,District & Circuit,https://cdn.ca9.uscourts.gov/datastore/opinions/2022/05/12/19-17585.pdf.
Copper,Copperwood,Underground,Silver,No-- New Development,Development,Yes,Michigan,Gogebic,46.476545,-89.941003,"Wakefield, MI",1702,Yes,,Keweenaw Copper Belt,Copperwood Resources Inc,CA,https://www.highlandcopper.com/projects/copperwood-project/,Highland Copper Inc,CA,-,30.0,11,-,-,425,,,,,150.0,,-,Public and Private,State,2008.0,-,,,-,,
Copper,Flux,Undetermined,"Silver, Lead, Zinc",No-- New Development,Exploration,Yes,Arizona,Santa Cruz,31.5402016,-110.753927,"Patagonia, AZ",804,Yes,Harshaw,,"Arizona Minerals, Inc",AU,https://www.south32.net/what-we-do/our-locations/americas/hermosa/permitting-public-consultation,South32 Limited,,-,,,-,-,,,,,,,,-,Public,USFS,,Yes,,Federal,Yes,District & Circuit,https://cases.justia.com/federal/district-courts/arizona/azdce/4:2023cv00280/1337890/48/0.pdf?ts=1694024903
Copper,CuMo Project (Idaho Copper Project),Surface,Molybdenum,No-- New Development,Exploration,Yes,Idaho,Boise,44.044617,-115.8573372,"Grimes Pass, ID",192,Yes,Grimes Pass,,Idaho Copper (IC) Corporation ,US,https://www.idaho-copper.com/idaho-copper-project/,,,Yes,,,-,-,,,,,,,,-,Public,,,Yes,,Federal,Yes,District,https://casetext.com/case/idaho-conservation-league-v-us-forest-serv-1.
Copper,Libby,Underground,Silver,Yes-- Abandoned,Exploration,Yes,Montana,Lincoln,33.293945,-111.09623,"Libby, MN",2775,Yes,Libby,,Montanore Minerals Corporation,US,https://www.hecla.com/exploration,Hecla,US,Yes,12.5,,-,-,,,,,,,,-,Public,USFS,2016.0,Yes,2.0,State,Yes,District & Supreme,https://earthjustice.org/wp-content/uploads/opinion_-_published_0.pdf.
Copper,Lisbon Valley,Surface,,Yes-- Abandoned,Active -- Expansion Plan,Yes,Utah,San Juan,38.148211,-109.138281,"La Sal, UT",339,Yes,Lisbon Valley,,Lisbon Valley Copper Corporation,,https://lisbonmine.com/,,,Yes,54000.0,20+,-,-,,1.0,DOA,2024,Loan,25.0,Production and Renewable Energy,-,Public and Private,BLM/State,2009.0,-,,,-,,
Copper,Madison Copper-Gold ,Undetermined,Gold,Yes-- Abandoned,Exploration,No,Montana,Madison,47.983451,-115.7693553,"Silver Star, MN",46,Yes,Silver Star,,American Pacific Mining Corporation,CA,https://americanpacificmining.com/projects/madison-mine/#close.,,,Yes,,,-,-,,,,,,,,-,Public,BLM,,-,,,-,,
Copper,Mason Copper,Surface,Molybdenum,Yes-- Abandoned,Exploration,No,Nevada,Lyon,32.8332442,-109.7131838,"Yerington, NV",3194,Yes,Mason Valley - Yerington,Walker Lane Mineral Belt,Hudbay Minerals,CA,https://www.hudbayminerals.com,,,Yes,140.0,27,Yes,-,2100,,,,,,,-,Private,,2018.0,-,,,-,,
Copper,Miami Copper Operations,Surface,,Yes-- Active,Active,No,Arizona,Gila,31.8484548,-111.0265945,"Miami, AZ",1532,Yes,Globe-Miami,,Freeport McMoRan,US,https://www.fcx.com/,,,Yes,,,Yes,Yes,,,,,,,,-,Private,,,-,,,-,,
Copper,Mission Complex,Surface,Gold,Yes-- Active,Active,No,Arizona,Pima,31.9575305,-110.9556645,"Sahuarita, AZ",35638,Yes,Pima,,ASARCO,US,https://www.asarco.com/mines/,Grupo Mexico,MX,-,220.0,72,Yes,Yes,,,,,,,,-,Public and Private,BLM,,Yes,,Federal & State,Yes,,
Copper,Moonlight-Superior Copper ,Surface,"Silver, Gold ",Yes-- Abandoned,Exploration,Yes,California,Plumas,40.1368465,-120.950578,"Greenville, CA",1026,Yes,Lights Creek ,Arizona Porphyry Copper Belt,US Copper Corporation ,CA,https://uscoppercorp.com/,,,Yes,150.0,17,Yes,Yes,513,,,,,,,-,Private,,,-,,,Yes,,
Copper,Morenci,Surface,,Yes-- Active,Active,No,Arizona,Greenlee,32.8332442,-109.7131838,"Safford, AZ",10271,Yes,Copper Mountain,Arizona Porphyry Copper Belt,Freeport-McMoRan,US,https://www.fcx.com/operations/north-america,,,-,368.2,17,Yes,Yes,,1.0,DOE,2024,Grant,80.0,Geothermal,-,,,,-,,,-,,
Copper,Palmer Copper-Zinc,Undetermined,"Zinc, Silver, Lead, Gold",No-- New Development,Exploration,No,Alaska ,,59.0831232,-135.3430573,"Haines, AK",1657,Yes,,,American Pacific Mining Corporation,CA,https://americanpacificmining.com/news-releases-2024/american-pacific-provides-update-on-drill-programs-at-its-madison-and-palmer-projects/,,,Yes,,,-,-,,,,,,,,-,,,,-,,,-,,
Copper,Pebble,Surface,"Gold, Molybdenum ",No-- New Development,Delayed Indefinitely,Yes,Alaska,,59.800471,-154.8815249,"Iliamna, AK",108,Yes,,,Pebble Limited Partnership,US,https://northerndynastyminerals.com/pebble-project/project-overview/,Northern Dynasty Minerals,CA,-,160.0,20,Yes,Yes,6700,,,,,,,-,Public,State,,Yes,7.0,Federal,-,,
Copper,Pickett Mountain,Surface,"Silver, Gold, Lead",No-- New Development,Delayed Indefinitely,Yes,Maine,Penobscot,45.9960683,-68.4473498,"Patten, MN",771,Yes,Northern Maine Volcanic Belt,,Wolfden Resources Corp,US,https://www.wolfdenresources.com,,,Yes,,2024-10-15 00:00:00,Yes,-,,,,,,,,-,Private,,2017.0,-,,,-,,
Copper,Pinto Valley,Surface,Molybdenum,Yes-- Active,Active,Yes,Arizona,Gila,33.3995392,-110.8709218,"Miami, AZ",1532,Yes,Globe-Miami,,Capstone Copper,US,https://capstonecopper.com/about-us/leadership/,,,Yes,52.6,,Yes,Yes,,,,,,,,-,Public,USFS,2021.0,Yes,1.0,Federal,-,District,
Copper,Pope-Shenon,Underground,,Yes-- Abandoned,Delayed Indefinitely,No,Idaho,Lemhi,45.1759213,-113.895773,"Salmon, ID",3295,Yes,Eureka,,Neuma International Inc,US,Unavailable,,,-,,,-,-,,,,,,,,-,Public,USFS,,-,,,-,,
Copper,Ray,Surface,,Yes-- Active,Active,Yes,Arizona,Pinal,32.3541987,-111.1039907,"Kearney, AZ",1741,Yes,Mineral Creek,,ASARCO,US, https://www.asarco.com/mines/.,Grupo Mexico,MX,Yes,,,Yes,Yes,,,,,,,,-,Public,BLM,2020.0,Yes,1.0,Federal,Yes,Appeals,https://eplanning.blm.gov/eplanning-ui/project/82268/510
Copper,Resolution Copper,Underground,,Yes-- Abandoned,Development,Yes,Arizona,Pinal,33.293945,-111.09623,"Superior, AZ",2407,Yes,Pioneer,Copper Porphyry Belt,Rio Tinto,UK,https://www.riotinto.com,Rio Tinto International Holdings Limited,UK,-,120.0,40,Yes,-,6000,,,,,,,-,Public,USFS,,Yes,1.0,Federal,Yes,District,https://nam12.safelinks.protection.outlook.com/?url=https%3A%2F%2Fcdn.ca9.uscourts.gov%2Fdatastore%2Fopinions%2F2024%2F03%2F01%2F21-15295.pdf&data=05%7C02%7Cshahalin%40iu.edu%7Cec57a44f6f2a4882cbe508dd26243a59%7C1113be34aed14d00ab4bcdd02510be91%7C0%7C0%7C638708659214284295%7CUnknown%7CTWFpbGZsb3d8eyJFbXB0eU1hcGkiOnRydWUsIlYiOiIwLjAuMDAwMCIsIlAiOiJXaW4zMiIsIkFOIjoiTWFpbCIsIldUIjoyfQ%3D%3D%7C0%7C%7C%7C&sdata=RFpkN%2BSrT%2FAxCMcxBTpFLPMllLBAeuvHpamrbpyNWjE%3D&reserved=0
Copper,Rock Creek,Underground,Gold,No-- New Development,Delayed Indefinitely,Yes,Montana,Sanders,47.983451,-115.7693553,"Noxon, MT",464,Yes,,,Hecla Mining Company,US,https://www.hecla.com/exploration.,,,Yes,,<20,-,-,,,,,,,,-,Public,USFS,,Yes,,State,Yes,District,https://law.justia.com/cases/montana/supreme-court/2021/da-19-0484.html.
Copper,Safford,Surface,,Yes-- Active,Active -- Expansion Plan,No,Arizona,Graham,32.8332442,-109.7131838,"Safford, AZ",10129,Yes,Safford,Arizona Porphyry Copper Belt,Freeport-McMoRan,US,https://www.fcx.com,,,Yes,122.0,34,Yes,Yes,,1.0,DOE,2024,Grant,80.0,Geothermal,-,Private,,2007.0,-,,,-,,
Copper,Sierrita,Surface,Molybdenum,Yes-- Active,Active -- No Expansion Plan,No,Arizona,Pima,31.8484548,-111.0265945,"Green Valley, AZ",22616,Yes,Pima,Arizona Porphyry Copper Belt,Freeport-McMoRan,US,https://www.fcx.com,,,Yes,85.0,62,Yes,Yes,,,,,,,,-,Private,,,-,,,-,,
Copper,Silver Bell ,Surface,"Molybdenum, Silver",Yes-- Active,Active,Yes,Arizona,Pima,32.23719,-111.0792,"Mirana, AZ",51906,Yes,Silver Bell,,ASARCO,US,https://www.asarco.com/mines/,Grupo Mexico,MX,Yes,,,Yes,Yes,,,,,,,,-,Private,,,-,,,-,,
Copper,Sunnyside Copper,Undetermined,"Silver, Lead, Zinc",Yes-- Active,Exploration,Yes,Arizona,Santa Cruz,31.5402016,-110.753927,"Patagonia, AZ",804,Yes,Harshaw,,Barksdale Resource,CA,https://barksdaleresources.com/projects/arizona-project/99-sunnyside.html#treport,,,Yes,,,-,-,,,,,,,,-,Public,USFS,,Yes,2.0,Federal,Yes,District,https://www.patagoniaalliance.org/wp-content/uploads/2015/09/Sunnyside-Judgment-91515.pdf; https://cdn.ca9.uscourts.gov/datastore/memoranda/2024/05/15/23-16167.pdf 
Copper,Tohono,Surface and Underground,"Molybdenum, Lead, Silver, Zinc, Gold. Silica",Yes-- Abandoned,Delayed Indefinitely,No,Arizona,Pinal,32.8772834,-111.7536818,"Casa Grande, AZ",63743,Yes,N/A ,,Cyprus Tohono Corporation,US,,"Freeport-McMoRan Copper & Gold, Inc.",,-,,,Yes,Yes,,,,,,,,-,Public,,,-,,,-,,
Copper,Tormey,Undetermined,"Molybdenuym, Silver",Yes-- Abandoned,Exploration,No,Idaho ,Lemhi,45.10246,-113.54599,"Salmon, ID",6724,Yes,Eureka,,Idaho Copper (IC) Corporation ,US,https://www.idaho-copper.com/idaho-copper-corp-announces-official-name-and-symbol-change/.,,,-,,,-,-,,,,,,,,-,Public,USFS,,-,,,-,,
Copper,Twin Metals,Surface,"Silver, Gold, Platinum Group Metals, Nickel",No-- New Development,Delayed Indefinitely,Yes,Minnesota,Saint Louis,47.901571,-91.8572479,"Ely, MN",3268,Yes,Mesabi Iron Range,Duluth Complex (Maturi Deposit),Twin Metals,CL,tps://www.twin-metals.com/meet-twin-metals/about-the-project/,Antofagasta,UK,-,,30,-,-,1700,,,,,,,-,Public,USFS,,Yes,2.0,Federal,Yes,District,https://law.justia.com/cases/federal/district-courts/district-of-columbia/dcdce/1:2022cv02506/246541/62/.
Copper,White Pine North,Underground,,Yes-- Abandoned,Development,No,Michigan,Ontonagon,46.7538361,-89.5840433,"White Pine, MI",339,Yes,,Keweenaw Copper Belt,"White Pine Copper, LLC/Kinterra",CA,https://www.highlandcopper.com/projects/white-pine-north-project/,Highland Copper Inc,CA,Yes,16.5,11,-,-,884,,,,,,,-,Public,,,-,,,-,,
Copper,Yerington,Surface,,Yes-- Abandoned,Exploration,No,Nevada,Lyon,38.9855429,-119.162989,"Yerington, NV",3048,Yes,Yerington Copper District,,Singatse Peak Services,UK,,Lion Copper and Gold Corp,CA,Yes,41.5,12,Yes,Yes,413,,,,,,,-,Public and Private,BLM,,-,,,-,,
Cobalt,Blackpine,Undetermined,"Cupper, Gold",Yes-- Abandoned,Delayed Indefinitely,No,Idaho,Lemhi,45.0926145,-114.2330182,"Cobalt, ID",13,Yes,Blackbird,Idaho Cobalt Belt,Koba Resources Limited,AU,https://kobaresources.com,,,Yes,,,-,-,,,,,,,,-,Public,USFS,,-,,,-,,
Cobalt,Bonanza,Underground,,Yes-- Abandoned,Delayed Indefinitely,No,Idaho,Lemhi,45.0926145,-114.2330182,"Cobalt, ID",13,Yes,Blackbird,Idaho Cobalt Belt,Battery Mineral Resources,CA,https://bmrcorp.com,Battery Mineral Resources,CA,-,,,-,-,,,,,,,,-,Public,USFS,,-,,,-,,
Cobalt,Colson,Undetermined,,Yes-- Abandoned,Delayed Indefinitely,No,Idaho,Lemhi,45.1759213,-113.895773,"Salmon, ID",3295,Yes,Mineral Hill,Idaho Cobalt Belt,Koba Resources Limited,AU,https://kobaresources.com,,,-,,,-,-,,,,,,,,-,Public,USFS,,-,,,-,,
Cobalt,Elkhorn ,Undetermined,Copper,Yes-- Abandoned,Delayed Indefinitely,No,Idaho,Lemhi,45.1759213,-113.895773,"Salmon, ID",3295,Yes,Blackbird,Idaho Cobalt Belt,Koba Resources Limited,AU,https://kobaresources.com/projects/cobalt/idaho-cobalt-belt-overview/elkhorn-project/,,,Yes,,,-,-,,,,,,,,-,Public,USFS,,-,,,-,,
Cobalt,Goodsprings ,Undetermined,Copper,Yes-- Abandoned,Delayed Indefinitely,No,Nevada,Clark,35.8324542,-115.4338295,"Goodsprings, NV",162,Yes,Goodsprings,Beatty-Searchlight Mineral Belt,Koba Resources Limited,AU,https://kobaresources.com/projects/cobalt/idaho-cobalt-belt-overview/goodsprings-project/,,,Yes,,,-,-,,,,,,,,-,Public,BLM,,-,,,-,,
Cobalt,Idaho Cobalt Operations,Surface,"Copper, Gold",Yes-- Abandoned,Delayed Indefinitely,No,Idaho,Lemhi,45.1759213,-113.895773,"Salmon, ID",3295,Yes,Blackbird,Idaho Cobalt Belt,Jervois,AU,https://jervoisglobal.com/projects/idaho-cobalt-operations/,Jervois Global,AU,Yes,8.0,12.5,Yes,Yes,307,1.0,DOD,2023,Grant,15.0,Exploration,-,Public,USFS,,-,,,-,,
Cobalt,Idaho Cobalt Project,Surface,"Copper, Gold",No-- New Development,Development,No,Idaho,Lemhi,45.1759213,-113.895773,"Salmon, ID",3295,Yes,Blackbird,Idaho Cobalt Belt,Champion Electric Metals,CA,https://www.champem.com,,,-,,28,Yes,-,,,,,,,,-,Public,USFS,,-,,,-,,
Cobalt,Iron Creek,Underground,Copper,No-- New Development,Exploration,No,Idaho,Lemhi,45.1759213,-113.895773,"Salmon, ID",3295,Yes,Blackbird,Idaho Cobalt Belt,Electra,CA,https://electrabmc.com/about-us/,,,-,,,-,Yes,,,DOD,2024,Grant,20.0,Processing,Yes,Public,USFS,2018.0,-,,,-,,
Cobalt,Madison,Recovery from mine waste,"Copper, Nickel",Yes-- Abandoned,Exploration,Yes,Missouri,Madison,37.5460805,-90.2872626,"Cobalt, MO",262,Yes,Mine La Motte-Fredericktown,,U.S. Strategic Metals,US,https://www.usstrategicmetals.com/,,,Yes,2.5,,Yes,Yes,,2.0,Import/Export & US Citizenship and Immigration Services,2024,Loan,500.8,Development,-,Private,,2018.0,Yes,,,-,,
Cobalt,Panther ,Undetermined,Copper,Yes-- Abandoned,Delayed Indefinitely,No,Idaho,Lemhi,45.1759213,-113.895773,"Salmon, ID",3295,Yes,Blackbird,Idaho Cobalt Belt,Koba Resources Limited,AU,https://kobaresources.com/projects/cobalt/idaho-cobalt-belt-overview/panther-project/,,,Yes,,,-,-,,,,,,,,-,Public,USFS,2021.0,-,,,-,,
Neodymium,Bear Lodge,Surface,,No-- New Development,Development,Yes,Wyoming,Crook,44.4064017,-104.375895,"Sundance, WY",1032,Yes,Bear Lodge,,Rare Element Resource Inc,CA,https://www.rareelementresources.com/company,,,-,,,Yes,-,,2.0,DOE,2024,Grant,46.2,processing,-,Public and Private,USFS/State,,-,,,-,,
Neodymium,Brook,Undetermined,"neodyium, praseodyium, dysprosium, terbium ",Yes-- Abandoned,Exploration,Yes,Wyoming ,Sheridan,44.7947537,-106.8222688,"Sheridan, WY",18737,Yes,,,Ramaco Resources,US,https://ramacoresources.com/,,,Yes,,,-,-,,,,,,,,-,Private,,,-,,,-,,
Neodymium,Cowboy State,Surface,,No-- New Development,Exploration,No,Wyoming,Platte,42.054424,-104.952726,"Wheatland, WY",3500,Yes,Iron Mountain,,Wyoming Rare Inc,AU,https://americanrareearths.com.au/projects/halleck-creek-wy/,American Rare Earths,AU,-,1.7,,-,Yes,456,1.0,Import/Export Bank,2024,Loan,456.0,Construction and Operations,-,Public and Private,State,,-,,,-,,
Neodymium,Diamond Creek,Undetermined,,No-- New Development,Exploration,No,Idaho,Lemhi,45.1759213,-113.895773,"Salmon, ID",3295,Yes,Lemhi Pass ,,Idaho Strategic Resources,US,https://idahostrategic.com/ree-overview/,,,-,,,-,-,,,,,,,,-,Public,USFS,,-,,,-,,
Neodymium,Elk Creek,Surface,"Niobium, Titanium",No-- New Development,Delayed Indefinitely,No,Nebraska,Johnson,40.286111,-96.129451,"Elk Creek, NE",67,Yes,,,NioCorp,US,https://www.niocorp.com/elk-creek-project/,,,-,,,Yes,-,1140,1.0,Import/Export Bank,2023,Loan,800.0,Infrastructure ,-,Private,,,-,,,-,,
Neodymium,La Paz,Underground,,No-- New Development,Exploration,No,Arizona,La Paz,33.9076636,-113.9852577,"Bouse, AZ",707,Yes,Plomosa,,Western Rare Earths,AU,https://americanrareearths.com.au/projects/la-paz-rare-earth-project/,American Rare Earths,AU,-,,,-,Yes,,1.0,DOD,,,,,-,Public,BLM/State,,-,,,-,,
Neodymium,Mountain Pass,Underground,,No-- New Development,Active -- Expansion Plan,No,California,San Bernardino,35.2754584,-116.0694294,"Baker, CA",442,Yes,Mountain Pass,,MP Materials,US,https://mpmaterials.com/about/,MP Materials,US,Yes,42.0,32,Yes,Yes,,4.0,DOD,2020/2022/2024,Grant,388.0,Processing/Magnet Prod.,Yes,Private,,2017.0,-,,,-,,
Neodymium,Pea Ridge,Underground,Iron,Yes-- Abandoned,Development,Yes,Missouri,Washington,38.2389389,-91.0687522,"Miramiguoa Park, MO",120,Yes,Saint Francois,,Caldera Holdings Company,US,Unavailable,,,-,,,-,Yes,,1.0,IRS,2024,Tax Credit,60.0,Magnet Prod,-,Private,,,-,,,-,,
Neodymium,Sheep Creek,Surface,,No-- New Development,Exploration,No,Montana,Ravalli,46.022659,-114.178093,"Darby, MT",780,Yes,Mineral Point,,US Critical Mineral Inc,US,https://uscriticalmaterials.com/sheep-creek/,,,Yes,,,-,-,,,,,,,,-,Public,USFS,,-,,,-,,
Nickel,Eagle,Underground,Copper,Yes-- Active,Active -- No Expansion Plan,Yes,Michigan,Marquette,46.815757,-87.728464,"Big Bay, MI",257,Yes,Marquette Gold,,Lundin Mining Corp,US,https://www.eaglemine.com/,Lundin Mining Corp,CA,Yes,17.0,6,Yes,Yes,,1.0,DOD,2023,Grant,20.0,Explore in MI and MN,-,Private,,,Yes,2.0,State,Yes,District & Appeals,http://www.keweenawreport.com/wp-content/uploads/2014/08/Water-Discharge-Decision-Court-of-Appeals-2014-08-13.pdf. http://www.keweenawreport.com/wp-content/uploads/2014/08/Mining-Permit-Decision-Court-of-Appeals-2014-08-13.pdf. 
Nickel,Mesaba,Surface,"Copper, Cobalt",Yes-- Abandoned,Exploration,No,Minnesota,Saint Louis,47.7087143,-91.9440871,"Babbitt, MN",1383,Yes,,Duluth Complex,NewRange Copper Nickel,CA/US,https://www.newrangecoppernickel.com/,Teck/PolyMet Mining,CA,Yes,11023.1,20,-,-,1000,,,,,,,-,Private,,,-,,,-,,
Nickel,Michigan Nickel-Copper Properties,Undetermined,,Yes-- Abandoned,Development,No,Michigan,Marquette,46.815757,-87.728464,"Big Bay, MI",257,Yes,Marquette Gold,,Talon Metals,BVI,https://talonmetals.com,Talon Metals Corp,UK,Yes,,21.8,Yes,-,,3.0,DOD & DOE,2022/2023/2024,Grant,157.0,,-,Public and Private,State,,-,,,-,,
Nickel,Nikolai,Surface,"Copper, Cobalt, Chromium, Iron, Silver",No-- New Development,Exploration,No,Alaska,Fairbanks,63.0084395,-145.7509597,"Paxson, AK",26,Yes,Delta River Mining District,,Alaska Energy Metals Corporation,CA,https://alaskaenergymetals.com/projects/nikolai/.,,,Yes,,,-,-,,,,,,,"Feasibility, Prospecting, Processing",-,Public,State,,-,,,-,,
Nickel,NorthMet,Surface,Copper,Yes-- Abandoned,Delayed Indefinitely,Yes,Minnesota,Saint Louis,47.7087143,-91.9440871,"Babbitt, MN",1397,Yes,,Mesabi Iron Range,NewRange Copper Nickel,CA/CH,https://www.newrangecoppernickel.com/,Teck/PolyMet Mining,CA,Yes,4.0,20,-,-,1000,,,,,,,-,Public and Private,USFS/State,,Yes,2.0,State,Yes,"District, Appeals, Supreme",https://nam12.safelinks.protection.outlook.com/?url=https%3A%2F%2Fwaterlegacy.org%2Fwp-content%2Fuploads%2F2023%2F08%2F2023-08-02-MN-S-Ct-Opinion-MPCA-PolyMet-NPDES-Published.pdf&data=05%7C02%7Cshahalin%40iu.edu%7Cd64be31efca144a9b7f308dd261a9fb4%7C1113be34aed14d00ab4bcdd02510be91%7C0%7C0%7C638708617976441665%7CUnknown%7CTWFpbGZsb3d8eyJFbXB0eU1hcGkiOnRydWUsIlYiOiIwLjAuMDAwMCIsIlAiOiJXaW4zMiIsIkFOIjoiTWFpbCIsIldUIjoyfQ%3D%3D%7C0%7C%7C%7C&sdata=eJB6QazzVy6mRtoJYS5rjbKaY%2F9y3Zlko%2B33ww40q%2FI%3D&reserved=0
Nickel,Sawyer Camp,Undetermined,Copper,No-- New Development,Delayed Indefinitely,No,Michigan,Marquette,18.7778874,100.773732,"Marquette, MI",21079,Yes,,,Global Battery Materials,CA,https://gbml.ca/news-releases/global-battery-metals-to-exit-nickel-copper-exploration-program-at-sawyer-camp/,,,-,,,-,-,,,,,,,,-,,,,-,,,-,,
Nickel,Tamarack,Surface,"Copper, Cobalt",No-- New Development,Development,Yes,Minnesota,Aitkin,46.6443915,-93.1271635,"Tamarack, MN",57,Yes,,Cuyuna Iron Range,Talon Metals,BVI,https://talonmetals.com,Talon Metals Corp,UK,-,142.0,9,Yes,Yes,395,2.0,DOD & DOE,2022/2024,Grant,134.0,Processing/Exploration,Yes,Public and Private,State,,-,,,-,,
Graphite,BAMA,Undetermined,,Yes-- Active,Exploration,No,Alabama,Chilton ,18.7778874,100.773732,"Sylacauga, AL",12216,Yes,,,Alambama Graphite Products LLC,US,https://gbml.ca/news-releases/global-battery-metals-to-exit-nickel-copper-exploration-program-at-sawyer-camp/,Westwater Resources,US,Yes,,,Yes,-,,,,,,,,-,Private,,2018.0,-,,,-,,
Graphite,BamaStar,Surface,,Yes-- Abandoned,Exploration,No,Alabama,Coosa,32.944012,-85.9538532,"Alexander City, AL",18843,Yes,,Alabama Graphite Belt,South Star Battery Metals Corp,CA,https://www.southstarbatterymetals.com/ceylon-graphite-project/,,,Yes,27.6,,Yes,-,,1.0,DOD,2023,Grant,3.2,Feasibility Study,-,Private,,,-,,,-,,
Graphite,Coosa,Surface,,No-- New Development,Development,No,Alabama,Coosa,33.170482,-86.2514099,"Sylacauga, AL",12578,Yes,,Alabama Graphite Belt,Alabama Graphite,CA,https://westwaterresources.net/projects/graphite/coosa-graphite-project/,"Westwater Resources, Inc",US,-,52.0,19,Yes,Yes,336,1.0,DOD,,,3.2,Feasibility Study,-,Private,,2012.0,-,,,-,,
Graphite,Graphite Creek,Surface,,No-- New Development,Exploration,Yes,Alaska,Nome Census Area,64.4975098,-165.4061701,"Nome, AK",3699,Yes,Port Clarence,,Graphite One Resources,CA,https://www.graphiteoneinc.com,,,-,17000.0,22,Yes,Yes,363,1.0,DOD,2023,Grant,37.5,Feasibility Study,-,Public,State,,-,,,-,,
Manganese,Emily/Cuyuna,Surface,Cobalt,Yes-- Abandoned,Exploration,No,Minnesota,Crow Wing,46.5169062,-93.9230366,"Cuyuna, MN",296,Yes,Cuyuna Iron Range,Duluth Complex (Maturi Deposit),North Star Manganese,CA,https://nsmanganese.com,Nevada Silver Corporation,US,Yes,,,Yes,Yes,,,,,,,,-,Private,,,-,,,-,,
Manganese,Hermosa/Patagonia,Underground,"Copper, Silver, Lead, Zinc",Yes-- Abandoned,Development,Yes,Arizona,Santa Cruz,31.3402134,-110.936081,"Nogales, AZ",19770,Yes,Harshaw,,South 32,AU,https://www.south32.net/what-we-do/our-locations/americas/hermosa,South32,AU,Yes,226.0,30,Yes,Yes,1700,2.0,DOD & DOE,2024,Grant,136.0,Manganese project/ Processing,-,Private,,2018.0,Yes,,Federal,Yes,District & Circuit,https://cdn.ca9.uscourts.gov/datastore/memoranda/2024/05/15/23-16167.pdf.
