Primary_Critical_Material,Project_Name,State,County,Nearest_Population_Center,Population_Size,Additional_Location_Information,Mining_District,Mineral_Occurrence,Mining_Method,Co-Producing_Materials,Existing_Mine,Status_of_Project,Regulatory_Challenges,Lead_Developer,Location_of_Lead_Developer_HQ,Lead_Developer_Website,Parent_Company,Location_of_Parent_Company_HQ,Was_There_Change_in_Ownership_during_Project?,Planned_Production_Capacity_(Thousands_of_Tons/Year),Planned_Lifespan_of_Mine__(Years),Processing_Plan_in_US,Processing_Plan_Elsewhere_in_North_America,Processing_Done_by_the_Same_Lead_Developer/Parent_Company,Total_Capital_Costs__(Millions_of_Dollars),Number_of_Federal_Awards,Federal_Agency,Year_Granted,Grant/Loan,Amount__(Millions_of_Dollars),Purpose_of_Support,Public_Supply_Agreement_w/_an_Automaker_or_Battery/Component_Producer,Type_of_Land,Public_Land_Ownership,Year_of_Land_Acquisition,Local,State.1,Federal,Local.1,State.2,Federal.1,Evidence_of_Litigation,Number_of_Cases,State_and/or_Federal,Court_Rulings_Issued,Level_of_Court,Link_to_Judicial_Decision,Community_Residents/Groups,Indigenous_Groups,Environmental_Groups,Scale_of_Environmental_Group(s),Commercial_Groups,Recreational_Groups,Other,Evidence_of_Organized_Protest(s),Land_Use__(Built_Environment),Impacts_to_Natural_Environment,"Site_of_Historical,_Cultural,_Spiritual_Significance",Traffic_&_Noise,Air_Quality,Water_Supply,Water_Quality,Impact_on_Species,Classification_of_Species_Impacted_(If_Applicable),Recreation,Agriculture,Subsistence_Hunting/Fishing,Historical_Mining_or_Reclamation_Issues,Reputation_of_the_Developer/Parent_Company,Inadequate_Community_Engagement,Waste_Management,Other.1,Community_Residents/Groups.1,Commercial_Groups.1,Other.2,Economic_Growth,Tax_Revenue,Employment,Community_Development,Replace_Lost_Industries,Historical_Mining_Experience,Geopolitical/Security,Clean_Energy_Transition,Cleaner_than_Other_Sources,Other.3,Location_String,Latitude,Longitude
Lithium,Angel Island,Nevada,Esmeralda,"Silver Peak, NV",213.0,True,Silver Peak,Walker Lane Mineral Belt,Surface,,No-- New Development,Exploration,Yes,Century Lithium Corp,CA,https://centurylithium.com/,,,False,27.0,40,True,False,True,,,,,,,,False,Public,BLM,,False,False,False,True,False,False,False,,,False,,,False,False,False,,False,False,False,False,False,False,False,False,False,True,False,False,,False,False,False,False,False,False,False,False,False,False,False,False,False,True,False,False,False,True,True,False,False,"Silver Peak, NV, Nevada",37.7552783,-117.634177
Lithium,Basin ,Arizona,Yavapai,"Bagdad, AZ",2661.0,True,Eureka-Bagdad,,Undetermined,,No-- New Development,Exploration,No,Bradda Head Lithium Ltd,UK,https://www.braddaheadltd.com/projects/basin,,,False,,,False,False,False,,,,,,,,False,Public,BLM/State,,False,False,False,False,False,False,False,,,False,,,False,False,False,,False,False,False,False,False,False,False,False,False,False,False,False,,False,False,False,False,False,False,False,False,False,False,False,False,False,False,False,False,False,False,False,True,False,"Bagdad, AZ, Arizona",34.57774,-113.1742845
Lithium,Big Sandy,Arizona,Mohave,"Wikieup, AZ",130.0,True,Cleopatra,Big Sandy Basin,Surface,,No-- New Development,Delayed Indefinitely,Yes,Arizona Lithium,AU,https://www.hawkstonemining.com/big-sandy-lithium/,Arizona Lithium,US,False,,,False,True,False,,,,,,,,False,Public,BLM,2019.0,False,False,False,False,False,False,True,,Federal & State,True,,https://earthjustice.org/wp-content/uploads/2024/11/81-order-granting-pi.pdf,True,True,True,Local/Regional & National,True,False,False,False,False,True,True,True,False,True,True,False,,False,False,False,False,False,True,False,False,False,True,False,False,False,False,False,False,False,True,True,False,False,"Wikieup, AZ, Arizona",34.7033462,-113.6113242
Lithium,Blue Clay,Nevada,Esmeralda,"Silver Peak, NV",121.0,True,,,Undetermined,,No-- New Development,Exploration,No,Sienna Resources Inc,CA,https://www.siennaresourcesinc.com/2024/09/clayton-valley-lithium-update/.,,,True,,,False,False,False,,,,,,,,False,Public,BLM,2022.0,False,False,False,False,False,False,False,,,False,,,False,False,False,,False,False,False,False,False,False,False,False,False,False,False,False,,False,False,False,False,False,False,False,False,False,False,False,False,False,False,False,False,False,False,False,False,False,"Silver Peak, NV, Nevada",37.7552783,-117.634177
Lithium,Bonnie Claire,Nevada,Nye,"Beatty, NV",880.0,True,Gold Mountain,Sarcobatus Valley,Surface,Boron,Yes-- Abandoned,Development,No,Nevada Lithium Resources Inc.,CA,https://nevadalithium.com/,Nevada Lithium Resources Inc.,CA,True,32.0,40,True,True,True,655,,,,,,,False,Public,BLM,2016.0,False,False,False,False,False,False,False,,,False,,,False,False,False,,False,False,False,False,False,False,False,False,False,True,True,False,,False,False,False,False,False,False,False,False,False,False,False,False,False,False,False,False,False,False,False,False,False,"Beatty, NV, Nevada",36.929606,-116.7217689
Lithium,Borax Lake,Oregon,Harney,"Fields, OR",120.0,True,,Basin and Range Province,Undetermined,Boron,No-- New Development,Delayed Indefinitely,Yes,Reedy Lagoon Corporation,AU,https://www.reedylagoon.com.au/,Reedy Lagoon Corporation,AU,False,,,False,False,False,,,,,,,,False,Public,BLM,2022.0,False,False,True,False,False,True,False,,,True,,,True,True,True,Local/Regional,False,False,False,True,True,True,False,False,False,True,True,True,Threatened,True,False,False,False,True,True,False,False,True,False,False,False,False,False,False,False,False,False,False,False,False,"Fields, OR, Oregon",42.26461,-118.6753807
Lithium,Boron,California,Kern,"Boron, CA",2086.0,True,Kramer,,Recovery from mine waste,,No-- New Development,Development,No,Rio Tinto,UK,https://www.riotinto.com,Rio Tinto International Holdings Limited,UK,False,5.0,,True,False,True,,1.0,DOE,,,,Processing  ,False,Public,BLM/State,,False,False,False,False,False,False,False,,,False,,,False,False,False,,False,False,False,False,False,False,False,False,False,False,False,False,,False,False,False,False,False,False,False,False,False,False,False,False,False,False,False,False,False,False,False,False,False,"Boron, CA, California",35.0176306,-117.6680213
Lithium,Carolina Lithium,North Carolina,Gaston,"Cherryville, NC",6707.0,True,,Carolina Tin-Spodumene Belt,Surface,,Yes-- Abandoned,Delayed Indefinitely,Yes,Piedmont Lithium,US,https://piedmontlithium.com,Sayona,AU,False,8.0,11.5,True,False,True,838.6,1.0,DOE,2022,Grant,141.7,Processing Plant in TN,True,Private,,2016.0,True,True,True,True,True,True,True,2.0,Federal,False,District,,True,False,True,Local/Regional,False,False,False,False,True,True,False,True,False,True,True,False,,True,False,False,True,True,False,False,True,True,False,False,False,False,True,False,False,False,True,True,False,False,"Cherryville, NC, North Carolina",35.3787442,-81.3789739
Lithium,Clayton Valley (ACME),Nevada,Esmeralda,"Silver Peak, NV",213.0,True,Silver Peak,Walker Lane Mineral Belt,Undetermined,,No-- New Development,Exploration,Yes,ACME Lithium Inc.,CA,https://acmelithium.com/project-cc-ccp-sx/,,,False,,40,False,False,False,,,,,,,,False,Public,BLM,,False,False,False,False,False,False,False,,,False,,,False,False,False,,False,False,False,False,False,False,False,False,False,False,False,False,,False,False,False,False,False,False,False,False,False,False,False,False,False,False,False,False,False,False,False,False,False,"Silver Peak, NV, Nevada",37.7552783,-117.634177
Lithium,Clayton Valley (PEM) ,Nevada,Esmeralda,"Silver Peak, NV",213.0,True,Silver Peak,Walker Lane Mineral Belt,Direct Lithium Extraction,,No-- New Development,Development,Yes,Pure Energy Minerals,CA,https://pureenergyminerals.com/projects1/clayton-valley-project/,,,True,,,False,False,False,,,,,,,,False,Public,BLM,2017.0,False,False,False,False,False,False,True,1.0,State,True,District,,False,False,False,,False,False,False,False,False,False,False,False,False,True,False,False,,False,False,False,False,False,False,False,False,False,False,False,False,False,False,False,False,False,True,True,False,False,"Silver Peak, NV, Nevada",37.7552783,-117.634177
Lithium,Columbus,Nevada,Nye,"Tonopah, Nevada",1938.0,True,,,Evaporative,Boron,Yes-- Abandoned,Exploration,No,Canter Resources Corporation,CA,https://canterresources.com/.,,,True,,,False,False,False,,,,,,,,False,Public,BLM,,False,False,False,False,False,False,False,,,False,,,False,False,False,,False,False,False,False,False,False,False,False,False,False,False,False,,False,False,False,False,False,False,False,False,False,False,False,False,False,False,False,False,False,False,False,False,False,"Tonopah, Nevada, Nevada",38.100063,-117.2250609
Lithium,Compass Minerals,Utah,Weber,"Ogden, UT",87321.0,True,,Great Salt Lake,Evaporative,,No-- New Development,Delayed Indefinitely,Yes,Compass Minerals,US,https://www.compassminerals.com/who-we-are/,,,False,35.0,,True,False,True,,,,,,,,True,Private,,,False,False,False,False,True,False,False,,,False,,,True,False,False,,False,False,False,False,False,False,False,False,False,True,False,False,,False,False,False,False,False,False,False,False,False,False,False,False,False,True,False,False,False,False,False,True,False,"Ogden, UT, Utah",41.2230048,-111.9738429
Lithium,Fish Lake Valley,Nevada,Esmeralda,"Dyer, NV",232.0,True,,,Undetermined,"Boron, potassium ",No-- New Development,Exploration,No,Lithium Corporation,US,https://lithiumcorporation.com/wp-content/uploads/2024/07/Lithium-Corporation-Presentation-July-2024.pdf; https://wcsecure.weblink.com.au/pdf/1MC/02892212.pdf.,,,False,,,False,False,False,,,,,,,,False,,,,False,False,False,False,False,False,False,,,False,,,False,False,False,,False,False,False,False,False,False,False,False,False,False,False,False,,False,False,False,False,False,False,False,False,False,False,False,False,False,False,False,False,False,False,False,False,False,"Dyer, NV, Nevada",37.6677807,-118.067502
Lithium,Fort Cady,California,San Bernardino,"Barstow, CA",25415.0,True,Hector Basin,,Surface,Boron,No-- New Development,Development,No,5E Advanced Materials,US,https://5eadvancedmaterials.com/,,,False,,31,False,False,False,526,2.0,DOE & Import/Export,2024,Loan,471.5,Processing,False,Public,BLM,,False,False,False,False,False,False,False,,,False,,,False,False,False,,False,False,False,False,False,False,False,False,False,False,False,False,,False,False,False,False,False,False,False,False,False,False,False,False,False,False,False,False,False,False,False,False,False,"Barstow, CA, California",34.8986215,-117.0244313
Lithium,Green River -- American Potash,Utah,Grand County,"Moab, UT",5221.0,True,,,Evaporative,"Potash, bromine, boron.",No-- New Development,Exploration,No,American Critical Minrerals ,US,https://acmineralscorp.com/.,,,True,,,False,False,False,,,,,,,,False,,,,False,False,False,False,False,False,False,,,False,,,False,False,True,Local/Regional,False,False,False,False,False,True,False,False,False,True,False,False,,False,False,False,False,False,False,False,False,False,False,False,False,False,False,False,False,False,True,True,False,False,"Moab, UT, Utah",38.5738096,-109.546214
Lithium,Green River -- Blackstone,Utah,Emery,"Green River, Utah",827.0,True,,,Direct Lithium Extraction,,Yes-- Abandoned,Exploration,No,Black Stone Minerals ,US,https://www.ansonresources.com/green-river-lithium-project/,Anson Resources,AU,False,,,True,False,False,,,,,,,,False,Private,,,False,False,False,False,False,True,True,1.0,State,False,District,,True,False,True,Local/Regional,False,True,False,False,False,False,False,False,False,True,True,False,,False,False,False,False,False,False,False,False,False,False,False,False,False,True,False,False,False,True,False,False,False,"Green River, Utah, Utah",40.9394403,-109.5930444
Lithium,Kings Mountain,North Carolina,Cleveland and Gaston,"Kings Mountain, NC",11142.0,True,,Carolina Tin-Spodumene Belt,Surface,,Yes-- Abandoned,Delayed Indefinitely,No,Albemarle,US,https://www.albemarle.com,Albemarle,US,True,420.0,10,True,False,True,,2.0,DOD & DOE,2022/2023,Grant,260.0,"Reopening Mine, development",False,Private,,2015.0,True,False,False,False,False,False,False,,,False,,,True,False,False,,False,False,False,False,True,True,False,True,True,True,True,False,,True,False,False,False,False,False,False,False,True,False,False,False,False,True,False,False,False,True,True,False,False,"Kings Mountain, NC, North Carolina",35.2450607,-81.3410516
Lithium,Let's Go Lithium,Nevada,Nye,"Pahrump, NV",44738.0,True,Pahrump,Beatty-Searchlight Mineral Belt,Surface,,No-- New Development,Exploration,Yes,Rover Critical Minerals,CA,https://www.rovercriticalminerals.com/nevada-lithium,,,False,,,False,False,False,,,,,,,,False,Public,BLM,,False,False,False,True,False,True,True,1.0,,True,,,True,False,True,Local/Regional & National,False,False,False,False,False,True,False,False,False,True,True,True,Threatened and Endangered,False,False,False,False,False,False,False,False,False,False,False,False,False,False,False,False,False,True,True,False,False,"Pahrump, NV, Nevada",36.2087301,-115.984614
Lithium,Lilac ,Utah,Box Elder,"Brigham City, UT",19650.0,True,,Great Salt Lake,Direct Lithium Extraction,,No-- New Development,Delayed Indefinitely,Yes,Waterleaf Resources,US,https://lilacsolutions.com/,Lilac Solutions Inc,US,False,3.5,,True,False,True,,1.0,DOE,2022,Grant,50.0,DLE Plant,True,Public,State,,False,False,True,False,True,False,False,,,False,,,True,False,True,Local/Regional,False,False,False,False,False,False,False,False,False,True,False,False,,False,False,False,False,False,False,False,False,False,False,False,False,False,False,False,False,False,True,False,False,False,"Brigham City, UT, Utah",41.5110434,-112.0154991
Lithium,Lithium King ,Utah,Toole,"Wendover, UT",1115.0,True,Wendover,Uinta Belt,Evaporative,Magnesium,Yes-- Abandoned,Exploration,No,Global Battery Minerals,CA,https://gbml.ca/projects/lithium-king/,,,False,,,False,False,False,,,,,,,,False,Public,BLM,,False,False,False,False,False,False,False,,,False,,,False,False,False,,False,False,False,False,False,False,False,False,False,False,False,False,,False,False,False,False,False,False,False,False,False,False,False,False,False,False,False,False,False,False,False,False,False,"Wendover, UT, Utah",40.7374014,-114.0304541
Lithium,McDermitt,Oregon,Malheur,"McDermitt, NV",124.0,True,,,Surface,,No-- New Development,Exploration,No,Jindalee Resources,AU,https://www.jindaleelithium.com/,Jindalee Resources,AU,True,47.5,63,True,False,True,3020,,,,,,,False,Public,BLM,2018.0,False,True,False,False,False,False,False,,,False,,,False,True,True,Local/Regional,False,False,False,False,False,True,True,False,False,False,True,True,Endangered and Threatened,False,False,False,False,False,False,False,False,False,False,False,False,False,True,True,False,False,True,True,False,False,"McDermitt, NV, Oregon",42.0149296,-117.7267466
Lithium,McGee,Nevada,Esmeralda,"Tonopah, Nevada",2009.0,True,,,Surface,,No-- New Development,Exploration,No,Spearmint Resources Inc. ,CA,https://www.spearmintresources.ca/.,,,False,,,False,False,False,,,,,,,,False,Public,BLM,,False,False,False,False,False,False,False,,,False,,,False,False,False,,False,False,False,False,False,False,False,False,False,False,False,False,,False,False,False,False,False,False,False,False,False,False,False,False,False,False,False,False,False,False,False,False,False,"Tonopah, Nevada, Nevada",38.100063,-117.2250609
Lithium,Paradox Lithium,Utah,Emery,"Green River, UT",847.0,True,,Paradox Basin,Direct Lithium Extraction,Bromine,No-- New Development,Development,Yes,Anson Resources,AU,https://www.ansonresources.com/,,,False,14.0,23,True,False,True,495,,,,,,,True,Public and Private,BLM/State,,False,True,False,True,False,True,True,1.0,Federal,False,District,,True,False,True,Local/Regional,False,True,False,False,False,False,False,False,False,True,True,False,,False,False,False,False,False,True,False,True,False,False,False,True,False,True,False,False,False,False,False,False,False,"Green River, UT, Utah",40.9394403,-109.5930444
Lithium,Rhyolite Ridge ,Nevada,Esmeralda,"Dyer, NV",232.0,True,Silver Peak,Walker Lane Mineral Belt,Surface,Boron,No-- New Development,Development,Yes,Ioneer,AU,https://rhyolite-ridge.ioneer,Ioneer,AU,True,24.0,,True,False,True,785,1.0,DOE,2023,Loan,700.0,Processing,True,Public,BLM,,True,True,True,True,True,True,True,2.0,Federal,True,District,https://www.biologicaldiversity.org/species/plants/pdfs/Tiehms-buckwheat-federal-ruling-04-21-2021.pdf,True,True,True,Local/Regional & National,False,False,False,False,True,True,True,False,True,True,True,True,Endangered,False,False,False,False,False,False,False,False,True,False,False,True,False,True,True,False,False,False,False,False,False,"Dyer, NV, Nevada",37.6677807,-118.067502
Lithium,Roundtop ,Texas,Hudspeth,"Sierra Blanca, TX",315.0,True,,Trans Pecos,Surface,Rare Earth Elements,No-- New Development,Exploration,No,Texas Mineral Resources,AU,https://tmrcorp.com/projects/rare_earths/; https://www.usare.com/about,USA Rare Earth,US,False,10.8,20,True,False,True,354,,,,,,,False,Public,State,,False,False,False,True,False,False,True,,,False,,,True,False,True,Local/Regional,False,False,False,False,False,True,False,False,True,False,True,False,,False,False,False,True,False,True,False,False,False,False,False,True,True,True,True,False,False,True,False,False,False,"Sierra Blanca, TX, Texas",31.1778312,-105.357627
Lithium,Salton Sea (ATLiS),California,Imperial County,"Calipatria, CA",6515.0,True,,Salton Sea,Direct Lithium Extraction,"Zinc, Manganese",No-- New Development,Development,No,Energy Source Minerals LLC,US,https://www.esminerals.com,Energy Source Minerals LLC,US,False,20.0,,True,False,True,661,1.0,DOE,2025,Loan,1361.0,Construction,True,Private,State,2012.0,True,True,True,False,True,False,False,,,False,,,True,True,True,National,False,False,False,False,False,False,True,False,True,True,True,False,,False,False,False,False,False,False,True,False,True,False,False,True,False,True,True,False,False,False,True,False,False,"Calipatria, CA, California",33.1255773,-115.5140272
Lithium,Salton Sea (BHE),California,Imperial County,"Calipatria, CA",6515.0,True,,Salton Sea,Direct Lithium Extraction,,No-- New Development,Delayed Indefinitely,No,BHE Renewable,US,https://www.bherenewables.com,Berkshire Hathaway,US,False,99.2,,True,False,True,,1.0,DOE,2021,Grant,80.0,Demo Plant,False,Private,State,,True,True,True,False,False,False,False,,,False,,,True,True,True,National,False,False,False,False,False,False,True,False,True,True,True,False,,False,False,False,False,False,False,False,False,True,False,False,False,False,False,False,False,False,False,False,False,False,"Calipatria, CA, California",33.1255773,-115.5140272
Lithium,Salton Sea (CTR),California,Imperial County,"Nilan, CA",756.0,True,,Salton Sea,Direct Lithium Extraction,,No-- New Development,Development,No,Controlled Thermal Resources,US,https://www.cthermal.com/,Controlled Thermal Resources,US,True,330.7,,True,False,False,1850,,,,,,Geothermal Plant,True,Private,State,2020.0,True,True,True,True,True,False,True,2.0,,True,,https://www.courthousenews.com/wp-content/uploads/2025/01/comite-civico-del-valle-v-county-of-imperial-tentative-decision.pdf,True,True,True,National,False,False,False,False,False,False,True,False,True,True,True,False,,False,False,False,False,False,False,False,False,True,False,False,True,True,True,False,False,False,False,True,True,False,"Nilan, CA, California",,
Lithium,Silver Peak,Nevada,Esmeralda,"Silver Peak, NV",213.0,True,Silver Peak,Walker Lane Mineral Belt,Evaporative,Boron,Yes-- Active,Active -- Expansion Plan,Yes,Albemarle,US,https://www.albemarle.com,Albemarle,US,True,5.0,,True,False,True,30-50,1.0,DOE,2022,Grant,150.0,Processing,False,Public and Private,BLM,2015.0,False,False,True,False,False,False,True,,,False,,,False,False,False,,False,False,False,False,False,True,False,False,False,True,False,False,,False,False,False,False,False,False,False,True,False,False,False,False,False,True,False,False,False,True,True,False,False,"Silver Peak, NV, Nevada",37.7552783,-117.634177
Lithium,Smackover-LANXESS,Arkansas,Union,"El Dorado, AR",17755.0,True,,Smackover,Direct Lithium Extraction,Bromine,Yes-- Active,Development,No,Standard Lithium,CA,https://www.standardlithium.com/projects/arkansas-smackover,Equinor,CA,False,23.0,,True,False,False,437,,,,,,,False,Private,,2019.0,True,True,False,False,False,False,False,,,False,,,False,False,False,,False,False,False,False,False,False,False,False,False,False,False,False,,False,False,False,False,False,False,True,True,False,False,False,True,False,True,False,True,False,False,False,True,False,"El Dorado, AR, Arkansas",33.2115087,-92.6650144
Lithium,Smackover-XOM/Galvanic,Arkansas,"Lafayette, Columbia","El Dorado, AR",17755.0,True,,Smackover,Direct Lithium Extraction,,No-- New Development,Development,No,Galvanic Energy LLC,US,https://galvanicenergy.com,ExxonMobil,US,True,,,True,False,True,2000,,,,,,,False,Private,,,True,True,False,False,False,False,False,,,False,,,False,False,True,National,False,False,False,False,False,False,False,False,False,True,True,False,,False,False,False,False,False,False,True,True,False,False,False,True,False,True,False,True,False,True,True,True,False,"El Dorado, AR, Arkansas",33.2115087,-92.6650144
Lithium,Thacker Pass,Nevada,Humboldt,"Orovada, NV",117.0,True,Opalite,Lynn-Railroad Belt,Evaporative,Boron,No-- New Development,Development,Yes,Lithium Americas,CA,https://www.lithiumamericas.com,Lithium Americas Ltd,CA,False,44.1,40,True,False,True,2930,2.0,DOD & DOE,2023/2024,Loan/Grant,1611.8,Processing,True,Public,BLM,,False,True,True,True,False,False,True,2.0,Federal,True,District & Circuit,https://www.westernwatersheds.org/wp-content/uploads/2023/02/Thacker-Pass-Court-Opinion-2-6-23.pdf.,True,True,True,Local/Regional & National,False,False,False,True,True,True,True,False,True,True,True,True,Endangered,True,False,True,False,True,False,False,False,False,False,False,False,False,True,True,False,False,True,True,False,False,"Orovada, NV, Nevada",41.569702,-117.7853458
Lithium,TLC ,Nevada,Nye,"Tonopah, NV",2179.0,True,Tonopah,Walker Lane Mineral Belt,Surface,,No-- New Development,Exploration,No,American Lithium Corporation,US,https://americanlithiumcorp.com/tlc-lithium-project/,,,False,38.0,40,False,False,True,819,,,,,,,False,Public,BLM,,False,False,False,False,False,False,False,,,False,,,False,False,False,,False,False,False,False,False,False,False,False,False,False,False,False,,False,False,False,False,False,False,False,False,False,False,False,False,False,False,False,False,False,False,False,True,False,"Tonopah, NV, Nevada",38.100063,-117.2250609
Lithium,Tonopah Flats,Nevada,Esmeralda,"Tonopah, NV",2179.0,True,Tonopah,Walker Lane Mineral Belt,Surface,,Yes-- Abandoned,Exploration,No,American Battery Technology,US,https://americanbatterytechnology.com/projects/tonopah-flats/,,,False,33.1,50,True,False,True,782,3.0,DOE,2021/2022,Grant,139.5,Demonstation/Facility/Recycling,False,Public,BLM,,False,False,True,False,False,False,False,,,False,,,False,False,False,,False,False,False,False,False,False,False,False,False,False,False,False,,False,False,False,False,False,False,False,False,False,False,False,False,False,False,False,False,False,False,False,True,False,"Tonopah, NV, Nevada",38.100063,-117.2250609
Lithium,Utah Lithium,Utah,Grand,"Moab, UT",5366.0,True,,,Direct Lithium Extraction,"Boron, Bromine, Potash",No-- New Development,Exploration,No,Mandrake Resources,AU,https://www.mandrakeresources.com.au/project/utah-lithium-project/,,,True,,,True,False,False,,1.0,DOE,2024,Grant,1.0,,False,Public,BLM,,False,False,False,False,False,False,False,,,False,,,False,False,False,,False,False,False,False,False,False,False,False,False,False,False,False,,False,False,False,False,False,False,False,False,False,False,False,False,False,False,False,False,False,False,False,False,False,"Moab, UT, Utah",38.5738096,-109.546214
Lithium,Whitehorse Ranch,Oregon,Harney,"Fields, OR",120.0,True,,Basin and Range Province,Evaporative,,No-- New Development,Delayed Indefinitely,Yes,ACME Lithium US,CA,https://acmelithium.com/,ACME Lithium Inc.,CA,False,,,False,False,False,,,,,,,,False,Public,BLM,2022.0,False,False,False,False,False,True,False,,,False,,,True,False,True,Local/Regional,False,False,False,False,False,False,False,False,False,False,False,False,,False,False,False,False,False,False,False,False,False,False,False,False,False,False,False,False,False,False,False,False,False,"Fields, OR, Oregon",42.26461,-118.6753807
Lithium,Willcox Playa,Arizona,Cochise,"Wilcox, AZ",3213.0,True,,Basin and Range Province,Undetermined,,No-- New Development,Exploration,No,Max Power,CA,,,,False,,,False,False,False,,,,,,,,False,Public,BLM/State,2018.0,False,False,False,True,False,False,False,,,False,,,True,False,True,Local/Regional,False,False,False,False,False,True,False,True,False,True,True,True,,True,True,False,False,False,False,False,False,False,False,False,True,False,False,False,False,False,True,True,False,False,"Wilcox, AZ, Arizona",32.7408453,-114.480458
Lithium,Zeus,Nevada,Esmeralda,"Tonopah, NV",2179.0,True,,,Surface,,No-- New Development,Exploration,Yes,Noram Lithium Corporation,CA,https://noramlithiumcorp.com/resource/clayton-valley/,,,False,,,True,False,True,,,,,,,,False,Public,BLM,2016.0,False,False,False,False,False,False,False,,,False,,,False,False,False,,False,False,False,False,False,False,False,False,False,True,False,False,,False,False,False,False,False,False,False,False,False,False,False,False,False,False,False,False,False,False,False,False,False,"Tonopah, NV, Nevada",38.100063,-117.2250609
Copper,American Pacific Palmer,Alaska,,"Haines, AK",2104.0,True,,,Undetermined,"Zinc, Gold, Silver, Barite",No-- New Development,Exploration,No,Constantine Mining LLC,US,https://www.visithaines.com/listing/constantine-mining-llc/2109/,American Pacific Mining Corporation,CA,True,,,False,False,False,,,,,,,,False,Public,BLM/State,,False,False,False,False,False,False,True,1.0,State,False,District & Appeals,https://earthjustice.org/wp-content/uploads/2023/08/decision.pdf,False,True,True,Local/Regional & National,False,False,False,False,False,False,False,False,False,False,True,True,Threatened,True,False,False,False,True,False,False,False,False,False,False,True,False,True,False,False,False,True,False,False,False,"Haines, AK, Alaska",59.0831232,-135.3430573
Copper,Arctic,Alaska,,"Kobuk, AK",191.0,True,Ambler,,Surface,"Lead, Zinc, Gold, Silver",No-- New Development,Delayed Indefinitely,Yes,"Ambler Metals, LLC",US,https://www.amblermetals.com/,South32 Limited and Trilogy Metals Inc. ,AU; CA,False,82.0,12,True,False,True,1178,,,,,,,False,Public,BLM/State,,False,True,True,False,False,True,True,,,False,,,True,True,True,Local/Regional & National,False,True,False,False,False,True,False,True,False,False,True,False,,False,False,True,False,False,False,False,False,True,True,False,True,True,False,True,False,False,True,True,False,False,"Kobuk, AK, Alaska",66.907238,-156.8827059
Copper,Bagdad,Arizona,Yavapai,"Bagdad, AZ",2661.0,True,Eureka-Bagdad,Arizona Porphyry Copper Belt,Surface,Molybdenum,Yes-- Active,Active -- Expansion Plan,No,Freeport-McMoRan,US,https://www.fcx.com,,,True,88.0,85,True,False,True,,,,,,,,False,Private,,,True,True,False,False,False,False,False,,,False,,,False,False,True,,False,False,False,False,False,False,False,True,False,False,True,False,,False,False,False,False,False,False,False,False,False,False,False,True,False,True,False,False,False,False,False,False,False,"Bagdad, AZ, Arizona",34.57774,-113.1742845
Copper,Bingham Canyon (Kennecott),Utah,Salt Lake,"Herriman, UT",55144.0,True,Bingham,Uinta Belt,Surface and Underground,"Molybdenum, Silver, Gold",Yes-- Active,Active -- Expansion Plan,No,Rio Tinto,UK,https://www.riotinto.com/en/Operations/us/kennecott,Rio Tinto International Holdings Limited,UK,True,250.0,8,False,False,True,498,,,,,,,False,Private,,1989.0,False,True,False,False,False,False,False,,,False,,,True,True,True,Local/Regional,False,False,False,True,False,False,False,False,True,False,True,False,,False,False,False,False,False,False,False,False,False,False,False,True,False,True,True,False,False,True,False,True,False,"Herriman, UT, Utah",40.5139784,-112.0329086
Copper,Black Butte,Montana,Meagher,White Sulphur Springs,955.0,True,,Johnny Lee Deposit,Underground,,No-- New Development,Exploration,Yes,Trintina Montana,CA,https://blackbuttecopper.com/,Sandfire Resources,CA,False,1102.3,8.5-13,False,False,False,,,,,,,,False,Private,,2015.0,True,False,False,False,False,False,True,2.0,State,True,Supreme,https://law.justia.com/cases/montana/supreme-court/2024/da-22-0406.html.,True,False,True,Local/Regional,False,True,False,False,False,True,False,False,False,False,True,True,,True,False,True,False,False,False,False,False,False,False,False,True,True,True,True,False,False,False,False,False,False,"White Sulphur Springs, Montana",46.5480749,-110.9034718
Copper,Cactus Copper,Arizona,Pinal,"Casa Grande, AZ",55653.0,True,Preuss,,Surface,"Silver, Gold",Yes-- Abandoned,Exploration,No,Arizona Sonoran,CA,https://arizonasonoran.com/,Arizona Sonoran,CA,True,116.9,31,False,False,True,688,,,,,,,False,Private,,2020.0,False,False,False,False,False,False,False,,,False,,,False,False,False,,False,False,False,False,False,False,False,False,False,False,False,False,,False,False,False,False,False,False,False,False,False,False,False,False,False,False,False,False,False,False,False,False,False,"Casa Grande, AZ, Arizona",32.8772834,-111.7536818
Copper,CK Gold/Copper,Wyoming,Laramie,"Cheyenne, WY",65132.0,True,Silver Crown ,,Surface,Gold,Yes-- Abandoned,Exploration,No,US Gold Corporation,US,https://www.usgoldcorp.gold/,,,False,,10,True,False,True,222,,,,,,,False,Public and Private,State,,False,False,False,False,False,False,False,,,False,,,False,False,False,,False,False,False,False,False,False,False,False,False,False,False,False,,True,False,False,False,False,False,False,False,False,False,False,False,True,True,False,False,False,True,False,False,False,"Cheyenne, WY, Wyoming",41.139981,-104.820246
Copper,Copper Creek,Arizona,Pinal,"Mammoth, AZ",1650.0,True,,Arizona Porphyry Copper Belt,Surface and Underground,,Yes-- Abandoned,Exploration,No,Faraday Copper,CA,https://faradaycopper.com/,,,True,,33,True,False,True,798,,,,,,,True,Public and Private,BLM/State,,False,False,False,False,False,False,False,,,False,,,True,True,True,Local/Regional,False,False,False,False,False,True,False,True,False,True,True,True,,True,False,False,False,True,False,True,True,False,False,False,True,False,True,False,True,False,True,True,False,False,"Mammoth, AZ, Arizona",32.722568,-110.640654
Copper,Copper World Complex (Rosemont),Arizona,Pima,"Sonoita, AZ",803.0,True,Helvetia-Rosemont,Copper Porphyry Belt,Underground,,No-- New Development,Delayed Indefinitely,Yes,Hudbay Minerals,CA,https://www.hudbayminerals.com,Augusta Resource Corporation of Canada,CA,True,100.0,21,False,False,False,1300,,,,,,,False,Public and Private,USFS/State,,False,False,True,True,False,True,True,1.0,Federal,True,District & Circuit,https://cdn.ca9.uscourts.gov/datastore/opinions/2022/05/12/19-17585.pdf.,True,True,True,Local/Regional & National,False,False,False,False,False,False,True,False,False,True,True,False,,False,False,False,False,False,False,True,True,True,True,False,False,False,True,False,False,False,True,False,False,False,"Sonoita, AZ, Arizona",31.6723455,-110.6619555
Copper,Copperwood,Michigan,Gogebic,"Wakefield, MI",1702.0,True,,Keweenaw Copper Belt,Underground,Silver,No-- New Development,Development,Yes,Copperwood Resources Inc,CA,https://www.highlandcopper.com/projects/copperwood-project/,Highland Copper Inc,CA,False,30.0,11,False,False,False,425,,,,,150.0,,False,Public and Private,State,2008.0,True,True,False,False,False,False,False,,,False,,,True,True,True,Local/Regional,False,False,False,True,False,True,True,True,True,True,True,True,,True,False,True,True,False,False,True,False,False,True,False,True,True,True,False,False,False,False,False,False,False,"Wakefield, MI, Michigan",46.476545,-89.941003
Copper,Flux,Arizona,Santa Cruz,"Patagonia, AZ",804.0,True,Harshaw,,Undetermined,"Silver, Lead, Zinc",No-- New Development,Exploration,Yes,"Arizona Minerals, Inc",AU,https://www.south32.net/what-we-do/our-locations/americas/hermosa/permitting-public-consultation,South32 Limited,,False,,,False,False,False,,,,,,,,False,Public,USFS,,False,False,False,False,False,False,True,,Federal,True,District & Circuit,https://cases.justia.com/federal/district-courts/arizona/azdce/4:2023cv00280/1337890/48/0.pdf?ts=1694024903,True,False,True,Local/Regional & National,False,False,False,False,False,True,False,True,False,False,True,True,Endangered and Threatened,False,False,False,True,False,False,False,False,False,True,False,False,False,True,True,False,False,False,True,False,False,"Patagonia, AZ, Arizona",31.5402016,-110.753927
Copper,CuMo Project (Idaho Copper Project),Idaho,Boise,"Grimes Pass, ID",192.0,True,Grimes Pass,,Surface,Molybdenum,No-- New Development,Exploration,Yes,Idaho Copper (IC) Corporation ,US,https://www.idaho-copper.com/idaho-copper-project/,,,True,,,False,False,False,,,,,,,,False,Public,,,False,False,False,False,False,False,True,,Federal,True,District,https://casetext.com/case/idaho-conservation-league-v-us-forest-serv-1.,False,False,True,Local/Regional,False,False,False,False,False,True,False,False,False,True,True,True,Endangered,True,False,True,False,False,False,False,False,False,False,False,False,False,False,False,False,False,False,False,False,False,"Grimes Pass, ID, Idaho",44.044617,-115.8573372
Copper,Montanore,Montana,Lincoln,"Libby, MN",2775.0,True,Libby,,Underground,Silver,Yes-- Abandoned,Exploration,Yes,Montanore Minerals Corporation,US,https://www.hecla.com/exploration,Hecla,US,True,12.5,,False,False,False,,,,,,,,False,Public,USFS,2016.0,True,True,False,False,False,False,True,2.0,State,True,District & Supreme,https://earthjustice.org/wp-content/uploads/opinion_-_published_0.pdf.,True,True,True,Local/Regional & National,False,True,False,False,False,True,True,False,False,False,True,True,,False,False,False,False,True,False,False,False,True,False,False,False,False,True,False,False,False,True,False,False,False,"Libby, MN, Montana",48.3883645,-115.5558612
Copper,Madison Copper-Gold ,Montana,Madison,"Silver Star, MN",46.0,True,Silver Star,,Undetermined,Gold,Yes-- Abandoned,Exploration,No,American Pacific Mining Corporation,CA,https://americanpacificmining.com/projects/madison-mine/#close.,,,True,,,False,False,False,,,,,,,,False,Public,BLM,,False,False,False,False,False,False,False,,,False,,,False,False,False,,False,False,False,False,False,False,False,False,False,False,False,False,,False,False,False,False,False,False,False,False,False,False,False,False,False,False,False,False,False,False,False,False,False,"Silver Star, MN, Montana",45.6902391,-112.2830612
Copper,Mason Copper,Nevada,Lyon,"Yerington, NV",3194.0,True,Mason Valley - Yerington,Walker Lane Mineral Belt,Surface,Molybdenum,Yes-- Abandoned,Exploration,No,Hudbay Minerals,CA,https://www.hudbayminerals.com,,,True,140.0,27,True,False,False,2100,,,,,,,False,Private,,2018.0,False,False,False,False,False,False,False,,,False,,,False,False,False,,False,False,False,False,False,False,False,False,False,False,False,False,,False,False,False,False,False,False,False,False,False,False,False,False,False,False,False,False,False,False,False,False,False,"Yerington, NV, Nevada",38.9855429,-119.162989
Copper,Miami Copper Operations,Arizona,Gila,"Miami, AZ",1532.0,True,Globe-Miami,,Surface,,Yes-- Active,Active,No,Freeport McMoRan,US,https://www.fcx.com/,,,True,,,True,False,True,,,,,,,,False,Private,,,False,False,False,False,False,False,False,,,False,,,False,False,False,,False,False,False,False,False,False,False,False,False,False,False,False,,False,False,False,False,False,False,False,False,False,False,False,False,False,False,False,False,False,False,False,False,False,"Miami, AZ, Arizona",33.3995392,-110.8709218
Copper,Mission Complex,Arizona,Pima,"Sahuarita, AZ",35638.0,True,Pima,,Surface,Gold,Yes-- Active,Active,No,ASARCO,US,https://www.asarco.com/mines/,Grupo Mexico,MX,False,220.0,72,True,False,True,,,,,,,,False,Public and Private,BLM,,False,False,False,False,False,False,True,,Federal & State,True,,,False,True,False,,False,False,False,False,False,False,True,False,True,False,True,False,,False,False,False,False,False,False,False,False,False,False,False,True,False,True,False,False,False,True,True,False,False,"Sahuarita, AZ, Arizona",31.9575305,-110.9556645
Copper,Moonlight-Superior Copper ,California,Plumas,"Greenville, CA",1026.0,True,Lights Creek ,Arizona Porphyry Copper Belt,Surface,"Silver, Gold ",Yes-- Abandoned,Exploration,Yes,US Copper Corporation ,CA,https://uscoppercorp.com/,,,True,150.0,17,True,False,True,513,,,,,,,False,Private,,,False,False,False,False,False,False,False,,,True,,,True,False,True,Local/Regional,False,False,False,False,True,True,False,True,False,True,True,False,,False,False,False,False,False,False,False,False,True,False,False,False,False,True,False,False,False,True,True,False,False,"Greenville, CA, California",40.1368465,-120.950578
Copper,Morenci,Arizona,Greenlee,"Safford, AZ",10271.0,True,Copper Mountain,Arizona Porphyry Copper Belt,Surface,,Yes-- Active,Active,No,Freeport-McMoRan,US,https://www.fcx.com/operations/north-america,,,False,368.2,17,True,False,True,,1.0,DOE,2024,Grant,80.0,Geothermal,False,,,,False,False,False,False,False,False,False,,,False,,,False,True,False,,False,False,False,False,False,True,False,False,False,True,True,False,,False,False,False,False,False,False,False,False,False,False,False,False,False,True,False,False,False,True,False,False,False,"Safford, AZ, Arizona",32.8332442,-109.7131838
Copper,Palmer Copper-Zinc,Alaska ,,"Haines, AK",1657.0,True,,,Undetermined,"Zinc, Silver, Lead, Gold",No-- New Development,Exploration,No,American Pacific Mining Corporation,CA,https://americanpacificmining.com/news-releases-2024/american-pacific-provides-update-on-drill-programs-at-its-madison-and-palmer-projects/,,,True,,,False,False,False,,,,,,,,False,,,,False,False,False,False,False,False,False,,,False,,,False,False,False,,False,False,False,False,False,False,False,False,False,False,False,False,,False,False,False,False,False,False,False,False,False,False,False,False,False,False,False,False,False,False,False,False,False,"Haines, AK, Alaska ",59.0831232,-135.3430573
Copper,Pebble,Alaska,,"Iliamna, AK",108.0,True,,,Surface,"Gold, Molybdenum ",No-- New Development,Delayed Indefinitely,Yes,Pebble Limited Partnership,US,https://northerndynastyminerals.com/pebble-project/project-overview/,Northern Dynasty Minerals,CA,False,160.0,20,True,False,True,6700,,,,,,,False,Public,State,,False,True,False,False,False,True,True,7.0,Federal,False,,,False,True,True,National,False,True,False,True,False,True,True,False,False,False,False,True,,True,True,True,False,False,False,False,False,False,True,False,True,False,False,False,False,False,False,False,False,False,"Iliamna, AK, Alaska",59.800471,-154.8815249
Copper,Pickett Mountain,Maine,Penobscot,"Patten, MN",771.0,True,Northern Maine Volcanic Belt,,Surface,"Silver, Gold, Lead",No-- New Development,Delayed Indefinitely,Yes,Wolfden Resources Corp,US,https://www.wolfdenresources.com,,,True,,2024-10-15 00:00:00,True,False,False,,,,,,,,False,Private,,2017.0,True,True,False,False,False,False,False,,,False,,,True,True,True,Local/Regional & National,False,False,False,False,False,True,True,False,False,False,True,True,Endangered,True,False,True,False,True,False,False,True,True,False,False,True,False,True,False,False,False,False,False,False,False,"Patten, MN, Maine",45.9960683,-68.4473498
Copper,Pinto Valley,Arizona,Gila,"Miami, AZ",1532.0,True,Globe-Miami,,Surface,Molybdenum,Yes-- Active,Active,Yes,Capstone Copper,US,https://capstonecopper.com/about-us/leadership/,,,True,52.6,,True,False,True,,,,,,,,False,Public,USFS,2021.0,False,False,False,False,False,False,True,1.0,Federal,False,District,,True,False,True,National,False,False,False,False,False,True,False,False,False,True,True,True,Endangered and Threatened,True,False,True,False,False,False,False,False,False,False,False,True,False,True,True,False,False,True,False,False,False,"Miami, AZ, Arizona",33.3995392,-110.8709218
Copper,Pope-Shenon,Idaho,Lemhi,"Salmon, ID",3295.0,True,Eureka,,Underground,,Yes-- Abandoned,Delayed Indefinitely,No,Neuma International Inc,US,Unavailable,,,False,,,False,False,False,,,,,,,,False,Public,USFS,,False,False,False,False,False,False,False,,,False,,,False,False,False,,False,False,False,False,False,False,False,False,False,False,False,False,,False,False,False,False,False,False,False,False,False,False,False,False,False,False,False,False,False,False,False,False,False,"Salmon, ID, Idaho",45.1759213,-113.895773
Copper,Ray,Arizona,Pinal,"Kearney, AZ",1741.0,True,Mineral Creek,,Surface,,Yes-- Active,Active,Yes,ASARCO,US, https://www.asarco.com/mines/.,Grupo Mexico,MX,True,,,True,False,True,,,,,,,,False,Public,BLM,2020.0,False,False,False,False,False,False,True,1.0,Federal,True,Appeals,https://eplanning.blm.gov/eplanning-ui/project/82268/510,True,False,True,Local/Regional & National,False,False,False,False,False,True,False,False,True,False,True,False,,False,False,False,False,False,False,False,False,False,False,False,False,False,True,False,False,False,True,True,False,False,"Kearney, AZ, Arizona",32.3541987,-111.1039907
Copper,Resolution Copper,Arizona,Pinal,"Superior, AZ",2407.0,True,Pioneer,Copper Porphyry Belt,Underground,,Yes-- Abandoned,Development,Yes,Rio Tinto,UK,https://www.riotinto.com,Rio Tinto International Holdings Limited,UK,False,120.0,40,True,False,False,6000,,,,,,,False,Public,USFS,,False,False,False,False,False,True,True,1.0,Federal,True,District,https://nam12.safelinks.protection.outlook.com/?url=https%3A%2F%2Fcdn.ca9.uscourts.gov%2Fdatastore%2Fopinions%2F2024%2F03%2F01%2F21-15295.pdf&data=05%7C02%7Cshahalin%40iu.edu%7Cec57a44f6f2a4882cbe508dd26243a59%7C1113be34aed14d00ab4bcdd02510be91%7C0%7C0%7C638708659214284295%7CUnknown%7CTWFpbGZsb3d8eyJFbXB0eU1hcGkiOnRydWUsIlYiOiIwLjAuMDAwMCIsIlAiOiJXaW4zMiIsIkFOIjoiTWFpbCIsIldUIjoyfQ%3D%3D%7C0%7C%7C%7C&sdata=RFpkN%2BSrT%2FAxCMcxBTpFLPMllLBAeuvHpamrbpyNWjE%3D&reserved=0,True,True,True,,False,False,False,True,False,True,True,False,False,True,True,True,Endangered and Threatened,False,False,False,False,False,False,False,False,False,False,False,True,False,True,False,False,False,False,True,False,False,"Superior, AZ, Arizona",33.293945,-111.09623
Copper,Rock Creek,Montana,Sanders,"Noxon, MT",464.0,True,,,Underground,Gold,No-- New Development,Delayed Indefinitely,Yes,Hecla Mining Company,US,https://www.hecla.com/exploration.,,,True,,<20,False,False,False,,,,,,,,False,Public,USFS,,True,False,False,False,False,False,True,,State,True,District,https://law.justia.com/cases/montana/supreme-court/2021/da-19-0484.html.,True,True,True,Local/Regional & National,False,False,False,False,False,True,False,False,False,False,True,False,,False,False,False,False,False,False,True,False,False,False,False,True,True,True,False,False,False,False,False,False,False,"Noxon, MT, Montana",47.983451,-115.7693553
Copper,Safford,Arizona,Graham,"Safford, AZ",10129.0,True,Safford,Arizona Porphyry Copper Belt,Surface,,Yes-- Active,Active -- Expansion Plan,No,Freeport-McMoRan,US,https://www.fcx.com,,,True,122.0,34,True,False,True,,1.0,DOE,2024,Grant,80.0,Geothermal,False,Private,,2007.0,False,False,False,False,False,False,False,,,False,,,False,False,True,Local/Regional,False,False,False,False,False,False,False,False,True,True,True,False,,False,False,False,False,False,False,False,False,False,False,False,False,False,True,False,False,False,True,True,False,False,"Safford, AZ, Arizona",32.8332442,-109.7131838
Copper,Sierrita,Arizona,Pima,"Green Valley, AZ",22616.0,True,Pima,Arizona Porphyry Copper Belt,Surface,Molybdenum,Yes-- Active,Active -- No Expansion Plan,No,Freeport-McMoRan,US,https://www.fcx.com,,,True,85.0,62,True,False,True,,,,,,,,False,Private,,,True,True,False,False,False,False,False,,,False,,,True,False,False,,False,False,False,False,False,True,False,True,True,True,True,True,,False,False,False,True,False,False,False,False,True,False,False,True,False,True,False,False,False,False,True,False,False,"Green Valley, AZ, Arizona",31.8484548,-111.0265945
Copper,Silver Bell ,Arizona,Pima,"Mirana, AZ",51906.0,True,Silver Bell,,Surface,"Molybdenum, Silver",Yes-- Active,Active,Yes,ASARCO,US,https://www.asarco.com/mines/,Grupo Mexico,MX,True,,,True,False,True,,,,,,,,False,Private,,,False,False,False,False,False,False,False,,,False,,,False,False,False,,False,False,False,False,False,True,False,False,False,False,True,True,Threatened,False,False,False,False,True,False,False,False,False,False,False,True,False,True,False,False,False,False,False,False,True,"Mirana, AZ, Arizona",,
Copper,Sunnyside Copper,Arizona,Santa Cruz,"Patagonia, AZ",804.0,True,Harshaw,,Undetermined,"Silver, Lead, Zinc",Yes-- Active,Exploration,Yes,Barksdale Resource,CA,https://barksdaleresources.com/projects/arizona-project/99-sunnyside.html#treport,,,True,,,False,False,False,,,,,,,,False,Public,USFS,,False,False,False,False,False,False,True,2.0,Federal,True,District,https://www.patagoniaalliance.org/wp-content/uploads/2015/09/Sunnyside-Judgment-91515.pdf; https://cdn.ca9.uscourts.gov/datastore/memoranda/2024/05/15/23-16167.pdf ,False,False,True,Local/Regional & National,False,False,False,False,False,True,False,True,False,False,True,True,Endangered and Threatened,False,False,False,False,False,False,False,False,False,False,False,False,False,False,False,False,False,True,True,False,False,"Patagonia, AZ, Arizona",31.5402016,-110.753927
Copper,Tohono,Arizona,Pinal,"Casa Grande, AZ",63743.0,True,N/A ,,Surface and Underground,"Molybdenum, Lead, Silver, Zinc, Gold. Silica",Yes-- Abandoned,Delayed Indefinitely,No,Cyprus Tohono Corporation,US,,"Freeport-McMoRan Copper & Gold, Inc.",,False,,,True,False,True,,,,,,,,False,Private,Cyprus Tohono Corporation,,False,False,False,False,False,False,False,,,False,,,False,False,False,,False,False,False,False,False,False,False,False,False,False,False,False,,False,False,False,False,False,False,False,False,False,False,False,False,False,False,False,False,False,False,False,False,False,"Casa Grande, AZ, Arizona",32.8772834,-111.7536818
Copper,Tormey,Idado ,Lemhi,"Salmon, ID",6724.0,True,Eureka,,Undetermined,"Molybdenuym, Silver",Yes-- Abandoned,Exploration,No,Idaho Copper (IC) Corporation ,US,https://www.idaho-copper.com/idaho-copper-corp-announces-official-name-and-symbol-change/.,,,False,,,False,False,False,,,,,,,,False,Public,USFS,,False,False,False,False,False,False,False,,,False,,,False,False,False,,False,False,False,False,False,False,False,False,False,False,False,False,,False,False,False,False,False,False,False,False,False,False,False,False,False,False,False,False,False,False,False,False,False,"Salmon, ID, Idado ",,
Copper,Twin Metals,Minnesota,Saint Louis,"Ely, MN",3268.0,True,Mesabi Iron Range,Duluth Complex (Maturi Deposit),Surface,"Silver, Gold, Platinum Group Metals, Nickel",No-- New Development,Delayed Indefinitely,Yes,Twin Metals,CL,tps://www.twin-metals.com/meet-twin-metals/about-the-project/,Antofagasta,UK,False,,30,False,True,False,1700,,,,,,,False,Public,USFS,,False,False,False,True,False,True,True,2.0,Federal,True,District,https://law.justia.com/cases/federal/district-courts/district-of-columbia/dcdce/1:2022cv02506/246541/62/.,False,True,True,Local/Regional & National,False,False,False,True,False,True,False,True,True,True,True,False,,True,False,True,True,True,False,False,False,False,False,False,True,False,True,True,True,False,True,False,True,True,"Ely, MN, Minnesota",47.901571,-91.8572479
Copper,White Pine North,Michigan,Ontonagon,"White Pine, MI",339.0,True,,Keweenaw Copper Belt,Underground,,Yes-- Abandoned,Development,No,"White Pine Copper, LLC/Kinterra",CA,https://www.highlandcopper.com/projects/white-pine-north-project/,Highland Copper Inc,CA,True,16.5,11,False,False,False,884,,,,,,,False,Public,,,True,True,False,False,False,False,False,,,False,,,False,False,True,Local/Regional & National,False,False,False,False,False,True,False,False,False,False,True,False,,False,False,False,True,False,False,False,False,False,False,False,True,True,True,False,False,False,True,False,False,False,"White Pine, MI, Michigan",46.7538361,-89.5840433
Copper,Yerington,Nevada,Lyon,"Yerington, NV",3048.0,True,Yerington Copper District,,Surface,,Yes-- Abandoned,Exploration,No,Singatse Peak Services,UK,,Lion Copper and Gold Corp,CA,True,41.5,12,True,False,True,413,,,,,,,False,Public and Private,BLM,,True,True,False,False,False,False,False,,,False,,,True,False,False,,False,False,False,False,False,False,False,False,False,False,True,False,,False,False,False,True,True,False,False,False,True,False,False,False,False,True,False,False,False,True,True,False,False,"Yerington, NV, Nevada",38.9855429,-119.162989
Cobalt,Blackpine,Idaho,Lemhi,"Cobalt, ID",13.0,True,Blackbird,Idaho Cobalt Belt,Undetermined,"Cupper, Gold",Yes-- Abandoned,Delayed Indefinitely,No,Koba Resources Limited,AU,https://kobaresources.com,,,True,,,False,False,False,,,,,,,,False,Public,USFS,,False,False,False,False,False,False,False,,,False,,,False,False,False,,False,False,False,False,False,False,False,False,False,False,False,False,,False,False,False,False,False,False,False,False,False,False,False,False,False,False,False,False,False,False,False,False,False,"Cobalt, ID, Idaho",45.0926145,-114.2330182
Cobalt,Bonanza,Idaho,Lemhi,"Cobalt, ID",13.0,True,Blackbird,Idaho Cobalt Belt,Underground,,Yes-- Abandoned,Delayed Indefinitely,No,Battery Mineral Resources,CA,https://bmrcorp.com,Battery Mineral Resources,CA,False,,,False,False,False,,,,,,,,False,Public,USFS,,False,False,False,False,False,False,False,,,False,,,False,False,False,,False,False,False,False,False,False,False,False,False,False,False,False,,False,False,False,False,False,False,False,False,False,False,False,False,False,False,False,False,False,False,False,False,False,"Cobalt, ID, Idaho",45.0926145,-114.2330182
Cobalt,Colson,Idaho,Lemhi,"Salmon, ID",3295.0,True,Mineral Hill,Idaho Cobalt Belt,Undetermined,,Yes-- Abandoned,Delayed Indefinitely,No,Koba Resources Limited,AU,https://kobaresources.com,,,False,,,False,False,False,,,,,,,,False,Public,USFS,,False,False,False,False,False,False,False,,,False,,,False,False,True,Local/Regional,False,False,False,False,False,True,False,False,False,False,True,True,,False,False,False,False,False,False,False,False,False,False,False,False,False,False,False,False,False,True,False,False,False,"Salmon, ID, Idaho",45.1759213,-113.895773
Cobalt,Elkhorn ,Idaho,Lemhi,"Salmon, ID",3295.0,True,Blackbird,Idaho Cobalt Belt,Undetermined,Copper,Yes-- Abandoned,Delayed Indefinitely,No,Koba Resources Limited,AU,https://kobaresources.com/projects/cobalt/idaho-cobalt-belt-overview/elkhorn-project/,,,True,,,False,False,False,,,,,,,,False,Public,USFS,,False,False,False,False,False,False,False,,,False,,,False,False,False,,False,False,False,False,False,False,False,False,False,False,False,False,,False,False,False,False,False,False,False,False,False,False,False,False,False,False,False,False,False,False,False,False,False,"Salmon, ID, Idaho",45.1759213,-113.895773
Cobalt,Goodsprings ,Nevada,Clark,"Goodsprings, NV",162.0,True,Goodsprings,Beatty-Searchlight Mineral Belt,Undetermined,Copper,Yes-- Abandoned,Delayed Indefinitely,No,Koba Resources Limited,AU,https://kobaresources.com/projects/cobalt/idaho-cobalt-belt-overview/goodsprings-project/,,,True,,,False,False,False,,,,,,,,False,Public,BLM,,False,False,False,False,False,False,False,,,False,,,False,False,False,,False,False,False,False,False,False,False,False,False,False,False,False,,False,False,False,False,False,False,False,False,False,False,False,False,False,False,False,False,False,False,False,False,False,"Goodsprings, NV, Nevada",35.8324542,-115.4338295
Cobalt,Idaho Cobalt Operations,Idaho,Lemhi,"Salmon, ID",3295.0,True,Blackbird,Idaho Cobalt Belt,Surface,"Copper, Gold",Yes-- Abandoned,Delayed Indefinitely,No,Jervois,AU,https://jervoisglobal.com/projects/idaho-cobalt-operations/,Jervois Global,AU,True,8.0,12.5,True,False,True,307,1.0,DOD,2023,Grant,15.0,Exploration,False,Public,USFS,,False,True,True,False,False,False,False,,,False,,,False,True,True,Local/Regional,False,False,False,False,False,False,True,False,False,True,True,False,,False,False,False,True,False,False,False,False,False,False,False,False,False,True,False,False,False,True,True,False,False,"Salmon, ID, Idaho",45.1759213,-113.895773
Cobalt,Idaho Cobalt Project,Idaho,Lemhi,"Salmon, ID",3295.0,True,Blackbird,Idaho Cobalt Belt,Surface,"Copper, Gold",No-- New Development,Development,No,Champion Electric Metals,CA,https://www.champem.com,,,False,,28,True,False,False,,,,,,,,False,Public,USFS,,False,False,False,False,False,False,False,,,False,,,False,False,False,,False,False,False,False,False,False,False,False,False,False,False,False,,False,False,False,False,False,False,False,False,False,False,False,False,False,False,False,False,False,False,False,False,False,"Salmon, ID, Idaho",45.1759213,-113.895773
Cobalt,Iron Creek,Idaho,Lemhi,"Salmon, ID",3295.0,True,Blackbird,Idaho Cobalt Belt,Underground,Copper,No-- New Development,Exploration,No,Electra,CA,https://electrabmc.com/about-us/,,,False,,,False,True,True,,,DOD,2024,Grant,20.0,Processing,True,Public,USFS,2018.0,False,False,False,False,False,False,False,,,False,,,False,False,True,Local/Regional,False,False,False,False,False,False,False,False,False,False,False,False,,False,False,False,False,False,False,False,False,False,False,False,False,False,False,False,False,False,False,False,False,False,"Salmon, ID, Idaho",45.1759213,-113.895773
Cobalt,Madison,Missouri,Madison,"Cobalt, MO",262.0,True,Mine La Motte-Fredericktown,,Recovery from mine waste,"Copper, Nickel",Yes-- Abandoned,Exploration,Yes,U.S. Strategic Metals,US,https://www.usstrategicmetals.com/,,,True,2.5,,True,False,True,,2.0,Import/Export & US Citizenship and Immigration Services,2024,Loan,500.8,Development,False,Private,,2018.0,False,False,False,False,False,False,True,,,False,,,False,False,False,,False,False,False,False,False,False,False,False,True,True,True,True,,False,False,False,True,False,False,False,False,False,False,False,True,True,True,False,False,False,True,True,False,False,"Cobalt, MO, Missouri",37.5460805,-90.2872626
Cobalt,Panther ,Idaho,Lemhi,"Salmon, ID",3295.0,True,Blackbird,Idaho Cobalt Belt,Undetermined,Copper,Yes-- Abandoned,Delayed Indefinitely,No,Koba Resources Limited,AU,https://kobaresources.com/projects/cobalt/idaho-cobalt-belt-overview/panther-project/,,,True,,,False,False,False,,,,,,,,False,Public,USFS,2021.0,False,False,False,False,False,False,False,,,False,,,False,False,False,,False,False,False,False,False,False,False,False,False,False,False,False,,False,False,False,False,False,False,False,False,False,False,False,False,False,False,False,False,False,False,False,False,False,"Salmon, ID, Idaho",45.1759213,-113.895773
Neodymium,Bear Lodge,Wyoming,Crook,"Sundance, WY",1032.0,True,Bear Lodge,,Surface,,No-- New Development,Development,Yes,Rare Element Resource Inc,CA,https://www.rareelementresources.com/company,,,False,,,True,True,False,,2.0,DOE,2024,Grant,46.2,processing,False,Public and Private,USFS/State,,False,False,False,False,False,False,False,,,False,,,False,True,False,,False,False,False,False,False,True,True,False,False,True,True,False,,True,True,False,False,False,False,False,False,False,False,False,False,False,False,False,False,False,True,True,False,False,"Sundance, WY, Wyoming",44.4064017,-104.375895
Neodymium,Brook,Wyoming ,Sheridan,"Sheridan, WY",18737.0,True,,,Undetermined,"neodyium, praseodyium, dysprosium, terbium ",Yes-- Abandoned,Exploration,Yes,Ramaco Resources,US,https://ramacoresources.com/,,,True,,,False,False,False,,,,,,,,False,Private,,,False,True,False,False,False,False,False,,,False,,,True,False,False,,False,False,False,False,False,False,False,False,False,False,True,False,,False,False,False,False,False,False,False,False,False,False,False,False,False,True,False,False,False,True,False,True,False,"Sheridan, WY, Wyoming ",44.7947537,-106.8222688
Neodymium,Cowboy State,Wyoming,Platte,"Wheatland, WY",3500.0,True,Iron Mountain,,Surface,,No-- New Development,Exploration,No,Wyoming Rare Inc,AU,https://americanrareearths.com.au/projects/halleck-creek-wy/,American Rare Earths,AU,False,1.7,,False,False,True,456,1.0,Import/Export Bank,2024,Loan,456.0,Construction and Operations,False,Public and Private,State,,False,False,False,False,False,False,False,,,False,,,False,False,False,,False,False,False,False,False,False,False,False,True,False,True,False,,False,False,False,False,False,False,False,False,False,False,False,True,False,True,False,True,False,True,True,False,False,"Wheatland, WY, Wyoming",42.054424,-104.952726
Neodymium,Diamond Creek,Idaho,Lemhi,"Salmon, ID",3295.0,True,Lemhi Pass ,,Undetermined,,No-- New Development,Exploration,No,Idaho Strategic Resources,US,https://idahostrategic.com/ree-overview/,,,False,,,False,False,False,,,,,,,,False,Public,USFS,,False,False,False,False,False,False,False,,,False,,,False,False,False,,False,False,False,False,False,False,False,False,False,False,False,False,,False,False,False,False,False,False,False,False,False,False,False,False,False,False,False,False,False,False,False,False,False,"Salmon, ID, Idaho",45.1759213,-113.895773
Neodymium,Elk Creek,Nebraska,Johnson,"Elk Creek, NE",67.0,True,,,Surface,"Niobium, Titanium",No-- New Development,Delayed Indefinitely,No,NioCorp,US,https://www.niocorp.com/elk-creek-project/,,,False,,,True,False,False,1140,1.0,Import/Export Bank,2023,Loan,800.0,Infrastructure ,False,Private,,,False,True,False,True,False,False,False,,,False,,,True,False,False,,False,False,False,False,False,False,False,False,True,False,True,False,,False,False,False,False,False,False,True,False,True,False,False,False,True,True,False,False,False,True,False,False,False,"Elk Creek, NE, Nebraska",40.286111,-96.129451
Neodymium,La Paz,Arizona,La Paz,"Bouse, AZ",707.0,True,Plomosa,,Underground,,No-- New Development,Exploration,No,Western Rare Earths,AU,https://americanrareearths.com.au/projects/la-paz-rare-earth-project/,American Rare Earths,AU,False,,,False,False,True,,1.0,DOD,,,,,False,Public,BLM/State,,False,True,False,True,False,False,False,,,False,,,False,False,False,,False,False,False,False,False,False,False,False,False,False,False,False,,False,False,False,False,False,False,False,False,True,True,False,True,False,True,False,False,False,True,True,False,False,"Bouse, AZ, Arizona",33.9076636,-113.9852577
Neodymium,Mountain Pass,California,San Bernardino,"Baker, CA",442.0,True,Mountain Pass,,Underground,,No-- New Development,Active -- Expansion Plan,No,MP Materials,US,https://mpmaterials.com/about/,MP Materials,US,True,42.0,32,True,False,True,,4.0,DOD,2020/2022/2024,Grant,388.0,Processing/Magnet Prod.,True,Private,,2017.0,False,False,True,True,False,False,False,,,False,,,False,False,False,,False,False,False,False,False,False,False,False,True,True,True,False,,False,False,False,True,False,False,True,False,False,False,False,False,False,False,False,False,False,True,False,False,False,"Baker, CA, California",35.2754584,-116.0694294
Neodymium,Pea Ridge,Missouri,Washington,"Miramiguoa Park, MO",120.0,True,Saint Francois,,Underground,Iron,Yes-- Abandoned,Development,Yes,Caldera Holdings Company,US,Unavailable,,,False,,,False,False,True,,1.0,IRS,2024,Tax Credit,60.0,Magnet Prod,False,Private,,,False,False,False,False,False,False,False,,,False,,,False,False,False,,False,False,False,False,False,False,False,False,True,False,True,False,,True,True,False,True,False,False,False,False,False,False,False,True,False,True,False,False,False,True,True,False,False,"Miramiguoa Park, MO, Missouri",38.2389389,-91.0687522
Neodymium,Sheep Creek,Montana,Ravalli,"Darby, MT",780.0,True,Mineral Point,,Surface,,No-- New Development,Exploration,No,US Critical Mineral Inc,US,https://uscriticalmaterials.com/sheep-creek/,,,True,,,False,False,False,,,,,,,,False,Public,USFS,,False,False,False,False,False,False,False,,,False,,,False,False,True,Local/Regional & National,False,True,False,False,False,True,False,False,False,False,True,True,Threatened,True,True,True,True,False,True,False,True,False,False,False,False,False,False,False,False,False,True,False,False,False,"Darby, MT, Montana",46.022659,-114.178093
Nickel,Eagle,Michigan,Marquette,"Big Bay, MI",257.0,True,Marquette Gold,,Underground,Copper,Yes-- Active,Active -- No Expansion Plan,Yes,Lundin Mining Corp,US,https://www.eaglemine.com/,Lundin Mining Corp,CA,True,17.0,6,True,False,True,,1.0,DOD,2023,Grant,20.0,Explore in MI and MN,False,Private,,,False,True,True,False,False,True,True,2.0,State,True,District & Appeals,http://www.keweenawreport.com/wp-content/uploads/2014/08/Water-Discharge-Decision-Court-of-Appeals-2014-08-13.pdf. http://www.keweenawreport.com/wp-content/uploads/2014/08/Mining-Permit-Decision-Court-of-Appeals-2014-08-13.pdf. ,True,True,True,Local/Regional & National,True,True,False,True,False,True,True,True,True,False,True,True,,True,False,True,True,False,False,False,True,True,False,False,True,False,True,True,True,False,True,False,True,False,"Big Bay, MI, Michigan",46.815757,-87.728464
Nickel,Mesaba,Minnesota,Saint Louis,"Babbitt, MN",1383.0,True,,Duluth Complex,Surface,"Copper, Cobalt",Yes-- Abandoned,Exploration,No,NewRange Copper Nickel,CA/US,https://www.newrangecoppernickel.com/,Teck/PolyMet Mining,CA,True,11023.1,20,False,False,False,1000,,,,,,,False,Private,,,False,False,False,False,False,False,False,,,False,,,False,True,True,Local/Regional,False,False,False,False,False,True,False,False,False,False,True,False,,False,False,False,False,False,False,False,False,False,False,False,False,True,True,False,False,False,False,False,False,False,"Babbitt, MN, Minnesota",47.7087143,-91.9440871
Nickel,Michigan Nickel-Copper Properties,Michigan,Marquette,"Big Bay, MI",257.0,True,Marquette Gold,,Undetermined,,Yes-- Abandoned,Development,No,Talon Metals,BVI,https://talonmetals.com,Talon Metals Corp,UK,True,,21.8,True,False,False,,3.0,DOD & DOE,2022/2023/2024,Grant,157.0,,False,Public and Private,State,,True,True,False,False,False,False,False,,,False,,,False,False,True,,False,False,False,False,False,False,False,False,False,False,False,False,,False,False,False,False,False,False,False,False,False,False,False,False,False,False,False,False,False,False,False,False,False,"Big Bay, MI, Michigan",46.815757,-87.728464
Nickel,Nikolai,Alaska,Fairbanks,"Paxson, AK",26.0,True,Delta River Mining District,,Surface,"Copper, Cobalt, Chromium, Iron, Silver",No-- New Development,Exploration,No,Alaska Energy Metals Corporation,CA,https://alaskaenergymetals.com/projects/nikolai/.,,,True,,,False,False,False,,,,,,,"Feasibility, Prospecting, Processing",False,Public,State,,False,False,False,False,False,False,False,,,False,,,False,False,False,,False,False,False,False,False,False,False,False,False,False,False,False,,False,False,False,False,False,False,False,False,False,False,False,False,False,False,False,False,False,False,False,False,True,"Paxson, AK, Alaska",63.0084395,-145.7509597
Nickel,NorthMet,Minnesota,Saint Louis,"Babbitt, MN",1397.0,True,,Mesabi Iron Range,Surface,Copper,Yes-- Abandoned,Delayed Indefinitely,Yes,NewRange Copper Nickel,CA/CH,https://www.newrangecoppernickel.com/,Teck/PolyMet Mining,CA,True,4.0,20,False,False,False,1000,,,,,,,False,Public and Private,USFS/State,,True,True,False,False,False,True,True,2.0,State,True,"District, Appeals, Supreme",https://nam12.safelinks.protection.outlook.com/?url=https%3A%2F%2Fwaterlegacy.org%2Fwp-content%2Fuploads%2F2023%2F08%2F2023-08-02-MN-S-Ct-Opinion-MPCA-PolyMet-NPDES-Published.pdf&data=05%7C02%7Cshahalin%40iu.edu%7Cd64be31efca144a9b7f308dd261a9fb4%7C1113be34aed14d00ab4bcdd02510be91%7C0%7C0%7C638708617976441665%7CUnknown%7CTWFpbGZsb3d8eyJFbXB0eU1hcGkiOnRydWUsIlYiOiIwLjAuMDAwMCIsIlAiOiJXaW4zMiIsIkFOIjoiTWFpbCIsIldUIjoyfQ%3D%3D%7C0%7C%7C%7C&sdata=eJB6QazzVy6mRtoJYS5rjbKaY%2F9y3Zlko%2B33ww40q%2FI%3D&reserved=0,True,True,True,Local/Regional,False,False,False,False,True,True,True,False,False,True,True,False,,True,True,True,False,False,False,True,False,True,True,False,True,False,True,False,False,False,True,True,False,False,"Babbitt, MN, Minnesota",47.7087143,-91.9440871
Nickel,Sawyer Camp,,,,,False,,,,,,,,,,,,,False,,,False,False,False,,,,,,,,False,,,,False,False,False,False,False,False,False,,,False,,,False,False,False,,False,False,False,False,False,False,False,False,False,False,False,False,,False,False,False,False,False,False,False,False,False,False,False,False,False,False,False,False,False,False,False,False,False,"nan, nan",18.7778874,100.773732
Nickel,Tamarack,Minnesota,Aitkin,"Tamarack, MN",57.0,True,,Cuyuna Iron Range,Surface,"Copper, Cobalt",No-- New Development,Development,Yes,Talon Metals,BVI,https://talonmetals.com,Talon Metals Corp,UK,False,142.0,9,True,False,True,395,2.0,DOD & DOE,2022/2024,Grant,134.0,Processing/Exploration,True,Public and Private,State,,False,False,True,False,False,False,False,,,False,,,True,True,True,Local/Regional,False,False,False,False,True,True,True,True,True,True,True,True,,True,True,True,True,True,True,False,False,False,False,False,True,True,True,True,False,False,True,True,False,False,"Tamarack, MN, Minnesota",46.6443915,-93.1271635
Graphite,BAMA,,,,,False,,,,,,,,,,,,,False,,,False,False,False,,,,,,,,False,,,,False,False,False,False,False,False,False,,,False,,,False,False,False,,False,False,False,False,False,False,False,False,False,False,False,False,,False,False,False,False,False,False,False,False,False,False,False,False,False,False,False,False,False,False,False,False,False,"nan, nan",18.7778874,100.773732
Graphite,BamaStar,Alabama,Coosa,"Alexander City, AL",18843.0,True,,Alabama Graphite Belt,Surface,,Yes-- Abandoned,Exploration,No,South Star Battery Metals Corp,CA,https://www.southstarbatterymetals.com/ceylon-graphite-project/,,,True,27.6,,True,False,False,,1.0,DOD,2023,Grant,3.2,Feasibility Study,False,Private,,,False,True,True,False,False,False,False,,,False,,,False,False,False,,False,False,False,False,False,False,False,False,False,False,False,False,,False,False,False,False,False,False,False,False,False,False,False,False,False,False,False,False,False,False,False,False,False,"Alexander City, AL, Alabama",32.944012,-85.9538532
Graphite,Coosa,Alabama,Coosa,"Sylacauga, AL",12578.0,True,,Alabama Graphite Belt,Surface,,No-- New Development,Development,No,Alabama Graphite,CA,https://westwaterresources.net/projects/graphite/coosa-graphite-project/,"Westwater Resources, Inc",US,False,52.0,19,True,False,True,336,1.0,DOD,,,3.2,Feasibility Study,False,Private,,2012.0,True,True,True,False,False,False,False,,,False,,,False,False,False,,False,False,False,False,False,False,False,False,False,False,False,False,,False,False,False,False,False,False,False,False,False,False,False,False,False,False,False,False,False,False,False,False,False,"Sylacauga, AL, Alabama",33.170482,-86.2514099
Graphite,Graphite Creek,Alaska,Nome Census Area,"Nome, AK",3699.0,True,Port Clarence,,Surface,,No-- New Development,Exploration,Yes,Graphite One Resources,CA,https://www.graphiteoneinc.com,,,False,17000.0,22,True,False,True,363,1.0,DOD,2023,Grant,37.5,Feasibility Study,False,Public,State,,True,True,True,True,False,False,False,,,False,,,True,True,True,Local/Regional,False,False,False,False,False,True,True,False,False,False,True,True,,False,False,True,False,False,True,False,False,True,True,False,True,False,True,True,True,False,True,False,False,False,"Nome, AK, Alaska",64.4975098,-165.4061701
Manganese,Emily/Cuyuna,Minnesota,Crow Wing,"Cuyuna, MN",296.0,True,Cuyuna Iron Range,Duluth Complex (Maturi Deposit),Surface,Cobalt,Yes-- Abandoned,Exploration,No,North Star Manganese,CA,https://nsmanganese.com,Nevada Silver Corporation,US,True,,,True,False,True,,,,,,,,False,Private,,,True,False,True,True,False,False,False,,,False,,,True,False,True,Local/Regional,False,False,False,False,False,False,False,False,False,True,True,True,Endangered,True,False,False,True,False,False,False,False,False,True,False,False,False,True,False,False,False,True,True,False,False,"Cuyuna, MN, Minnesota",46.5169062,-93.9230366
Manganese,Hermosa/Patagonia,Arizona,Santa Cruz,"Nogales, AZ",19770.0,True,Harshaw,,Underground,"Copper, Silver, Lead, Zinc",Yes-- Abandoned,Development,Yes,South 32,AU,https://www.south32.net/what-we-do/our-locations/americas/hermosa,South32,AU,True,226.0,30,True,False,True,1700,2.0,DOD & DOE,2024,Grant,136.0,Manganese project/ Processing,False,Private,,2018.0,True,False,True,True,False,False,True,,Federal,True,District & Circuit,https://cdn.ca9.uscourts.gov/datastore/memoranda/2024/05/15/23-16167.pdf.,True,False,True,Local/Regional & National,False,False,False,False,False,True,False,True,True,True,True,True,Endangered and Threatened,False,False,False,True,False,False,False,False,True,False,False,True,False,True,True,True,False,False,False,False,False,"Nogales, AZ, Arizona",31.3402134,-110.936081
