Mine/Prospect,Project Name,Mining Method,Co-Producing Materials,Existing Mine,Status of Project,Regulatory Challenges ,County,Nearest Population Center,Population Size,Additional Location Information,Mining District,Mineral Occurrence,Lead Developer,Location of Lead Developer HQ,Lead Developer Website,Parent Company,Location of Parent Company HQ,Was There Change in Ownership during Project?,Planned Production Capacity (Thousands of Tons/Year),"Planned Lifespan of Mine 
(Years)",Processing Plan in US,Processing Done by the Same Lead Developer/Parent Company,"Total Capital Costs
 (Millions of Dollars)",Number of Federal Awards,Federal Agency,Year Granted,Grant/Loan,"Amount 
(Millions of Dollars)",Purpose of Support,Public Supply Agreement w/ an Automaker or Battery/Component Producer,Type of Land,Public Land Ownership,Year of Land Acquisition,Evidence of Litigation,Number of Cases,State and/or Federal,Court Rulings Issued,Level of Court,Link to Judicial Decision
American Pacific Palmer,,,,,"Over $100 million has been invested in mineral exploration, geotechnical, and environmental studies at Palmer.  The focus of the current drilling programs (2022 – 2024) has been limited to the Palmer Deposit SW and RW Zones, which form the major portion of the current known mineralization at the Project.  The mineral estimates were updated in January 2025. ",,Mantanuska - Susnita Borough (Alaska does not have counties).,,,"The Property is located 37 miles northwest from Haines, southeast Alaska, in the Alaska panhandle. The western boundary of Palmer is coincident with the British Columbia Province of Canada and the international border. The Property lies 1-2 miles from the Haines Highway, which links the project to the deep-sea port of Haines. The Palmer project would sit in the watershed of the Chilkat River,  The Palmer Project is a copper, zinc, gold, silver and barite deposit that sits above Glacier Creek, which is a tributary to the Klehini and Chilkat rivers. The Tlingit village of Klukwan sits about 15 miles downstream from the mine at the confluence of the Chilkat and Klehini rivers.                                                                                                                                                                               ",,,,,,,,"In a deal announced in 2024,  Dowa Metals and Mining, a Japanese company, will give up its roughly 70% interest in the Palmer Project. Taking over is American Pacific Mining Corp., a small Canadian company (junior miner). It’s set to take full ownership of the project, up from its current 30% minority stake.",,,,,,,,,,,,,,,,,,,,,
Angel Island,"Name of Project was changed from Clayton Valley Project to Angel Island Mine to distinguish from other Clayton Valley developments
","Will extract lithium from sedimentary clay, similar to Thacker Pass and Rhyolite Ridge; will use hydrochloric acid instead of sulphuric acid as the solvent.",,,"Since the completion of a Feasibility Study of Angel Island in April 2024, the developer’s attention has been on process optimization to drive reductions in the Project’s estimated capital and operating costs, environmental studies and permitting, and Project funding. ",Conflict over water rights in the water-stressed area.  ,,,," Located in west-central Nevada (219 miles southeast of Reno and 206 miles northwest of Las Vegas), immediately east of Albemarle’s active Silver Peak lithium mine. The town of Silver Peak is 6 miles west, Goldfield is 24 miles east, Tonopah is 41 miles northeast.",,, Name of developer was changed from Cypress Development Corporation to Century Lithium Corporation in 2023.,,,,,,,,,"Yes, at a facility 125 miles south.  Metallurgical testing on Project material indicates low-cost processing can be achieved with conventional tank leaching and counter current decantation, resulting in low acid consumption and high lithium recovery of over 85% of total lithium. Lithium extraction facility at del Sol Refining in Amargosa Valley, Nevada. The operation of the Pilot Plant provided essential data for the Feasibility Study; Employs a hydrochloric acid leaching process combined with Onyx's 2021-acquired ion exchange DLP technology and Saltworks Technologies' refining process to produce high-purity 99.94% LCE, exceeding battery-grade standards.",,,,,,,,,,"5,845 acres of BLM.",,,,,,,
Arctic,"
 
"," An open pit mine that will include infrastructure such as a tailings management facility, a waste rock facility, a tailings dam, a waste rock collection pond, multiple water treatment plants, a mill facility, a crusher facility, an ore stockpile building, and a concentrate  facility. ",,"No previous mining but exploratory drilling at the Arctic deposit and within the Ambler Mining District has been ongoing since its discovery in 1966. Approximately 67,639 meters of drilling was completed within the Ambler Mining District, including 55,038 meters of drilling in 285 drill holes at the Arctic deposit or on potential extensions. Drill programs were completed by Kennecott and its subsidiaries, Anaconda, NovaGold, Trilogy and Ambler Metals. ","The public debate has focused on the proposed Ambler Road that is designed to connect the mine to the Dalton Highway. The mining project itself may also be controversial. The 211-mile-long Ambler Road was initially approved under the Trump administration, which issued, through the Army Corps of Engineers and BLM, a 50-year right-of-way permit to build the road just before President Donald Trump left office.  Under the Biden administration, the federal government revised the Trump-era environmental impact assessment, found unacceptable environmental risks, and disallowed the permit. The decision against proceeding with the project was contained in a final supplemental environmental impact statement released by BLM.  In 2025 President Trump issued an executive order calling for the reinstatement of the permit for the Ambler Road. ",,Northwest Arctic Borough of Alaska,,,"Southern Brooks Range of arctic region of Alaska approximately 168 miles east of Kotzebue, 22 miles northeast of Kobuk, 162 miles west of the Dalton Highway; 292 miles northwest of Fairbanks. ",,,,,,"Joint Venture of South 32 Limited (AU) and Trilogy Metals Inc. (CA). NovaGold Resources Inc. acquired the Arctic Project from Kennecott in 2004. In 2011, NovaGold transferred all copper projects to NovaCopper Inc. and in 2012 spun-out NovaCopper to its then existing shareholders. NovaCopper Inc. subsequently underwent a name change to Trilogy Metals Inc. in 2016. The Project is directly held by Ambler Metals LLC in a 50/50 joint venture between South32 and Trilogy Metals (February 2020). Upon the formation of the joint venture, Trilogy Metals contributed all of its Alaskan assets, including the Project , to Ambler Metals in exchange for a 50% membership interest; at the same time, South32 contributed $145 million in cash for a 50% membership interest.",,,"The developer announced the results of an updated Arctic Feasibility Study (FS) on February 14, 2023.  ",,,"The conclusions of test work conducted both in 2012 and 2017 indicate that the Arctic materials are well-suited to the production of high-quality copper and zinc concentrates using flotation techniques, which are industry standard.  The process plant will produce three concentrates: copper concentrate, zinc concentrate, and lead concentrate. ",,,,,,,,,,"The project area consists of 18 federal patented mining claims, which cover an area of approximately 272 acres and 1,341 state mineral claims that cover an area of approximately 114,000 acres. In total, the Project area comprises approximately 114,498 acres of state and federal (BLM) mining claims. ",,"The Tanana Chiefs Conference, which represents 42 villages in interior Alaska, many of which are located near to the proposed Ambler Road, sued the Interior Department in 2020 over its handling of the environmental analysis, arguing that it did not adequately address impacts to their way of life.  This lawsuit was not resolved when the Biden administration took office, and the lawsuit was set aside while the administration revisited the environmental impact statement.",,,,,
Bagdad,,,,,"Mining on site since 1906; The Bagdad copper mine in Arizona (active) is in a feasibility analysis of a plan to double its concentrator capacity, but the urgency of the plan has been removed due to somewhat low copper prices.  The capital costs of the expansion cannot be justified at the current copper prices but higher copper prices would allow the expansion to move forward; The Bagdad mine is expected to be the first with a fully autonomous haulage system as a part of the process of converting its existing manned fleet to 100% autonomous operation.",,,,,"Located just west of the company town of Bagdad (pop 2,661, 2022), 100 miles northwest of Phoenix, Arizona, within the Upper Burro Creek Wilderness area.",,,,,,,,Site was purchased from Boston Consolidated Mining Company in 1989. ,Currently 25% of the current US demand.,,,,,,,,,,,,,,,,,,,,
BAMA,     ,,,,,,,,,"South of Sylacauga, Chilton County. Alabama, northwest of Montgomery, south of Birmingham, southwest of GOOSA Graphite Project.  The Bama Mine Project site is located less than 9 miles from I-65, and less than 1 mile from a major railroad.",,,,,,,,"In December 2017, Westwater Resources Inc acquired Alabama Graphite Corporation. Westwater also agreed to provide Alabama Graphite with a secured loan to remedy Alabama Graphite’s working capital deficit, to pay outstanding payables, and to fund its essential operations until the close of the Acquisition (April 2018).",,,,"Kellyton Graphite Processing Plant (nearby, under construction for $202 million) near Alexander City in Coosa County.  Plan: 7500 metric tons of refined graphite per year.",,,,,,,,,,,,,,,,,
BamaStar,"The BamaStar Project site was previously home to a mine known as the Ceylon Graphite Project, which operated during World War I and World War II.
                                                                                                                                                                                          ",,,,"Plan to be operational by 2027; In November 2024, the developer filed positive results and favorable economics in its Preliminary Economic Assessment; the assessment includes a graphite mine, a concentrate processing facility and a value-add plant for upgrading and transforming the graphite concentrates precursor. ",,,,,"East-central Alabama near Alexander City (pop 14,843, 2020), at the northeast end of the 60-mile Alabama Graphite Belt.  Located 8 miles northeast of Sylacauga (pop 12,578, 2020), 48 miles from Birmingham, and about 225 miles northeast of the major Gulf-of-Mexico port of Mobile, Alabama. ",,,,,,,,"Westwater is focused on battery-grade natural graphite after its acquisition of Alabama Graphite Corp. (AGC) in April 2018. AGC acquired the Project in 2012 based on the geological setting. On April 23, 2018, Westwater acquired a 100% interest in AGC as part of a strategic decision to refocus the Company to supply battery manufacturers with low-cost, high-quality, and high-margin natural graphite products.","The Coosa graphite concentrator facilities are designed to process 90,000 tonnes per year of flotation concentrate product grading 95% Cg.",,,,,,DOD: $3.2 million for feasibility study              ,,,,,,,,,,,,,,
Basin,,,,,"Exploration began in 2018, drilling continues in 2024, east and west basin areas. 8,800 feet of core drilling is planned. Next steps include continuing the environmental assessment process (leading to a PEA), and drilling 52 boreholes.",,,,," Located in west-central Arizona, around 6 miles from the operating Bagdad copper mine.",,,,,,,,,,,,,,,,,,,,,,,,,,,,,
Bear Lodge ,"
",,,,Development. The developer’s goal is to begin mine production in 2029.,"In January 2016 the developer, after almost a decade of work, suspended the NEPA process for the overall project at USFS in the face of concerted opposition from tribal and environmental groups. The developer will need to restart and complete this process to obtain a federal permit for mining. In November 2023 DOE completed the NEPA process to support its financial assistance of the separation and processing demonstration plant.",,,,"2 miles northwest of Sundance, northeast Wyoming, off I-90 in the Northern Black Hills, an isolated mountain range extending from western South Dakota into Wyoming.",,,,,,,,,,,"The developer has a well-developed processing plan at a facility in the nearby town of Upton, Wyoming. A pilot demonstration plant for the new separation and treatment technology will begin in 2025. The plant is partially subsidized by the US Department of Energy.",,,,"In 2024, the grant amount increased from 20 million to 24.2 million, specifically for the processing plant.",,,,,,"The project site is located on a mix of federal (USFS), state and private land; a total of approximately 8,000 acres.",,,,,,,,
Big Sandy ,"
",,,,"The developer experienced a setback in August 2024 when a federal judge ordered an injunction against exploratory drilling while the judge rules on the merits of a lawsuit by the Hualapai Tribe and the nonprofit environmental law organization Earthjustice. The lawsuit challenged BLM's approval of the exploratory drilling, arguing that the project threatens Ha'Kamwe', a medicinal spring recognized as a traditional cultural property. The tribes also argued that BLM failed to consider reasonable, lower-risk options such as approving only 1 or 2 of 3 proposed drill sites, requiring the sites to be located further from sensitive areas, and requiring stricter controls on noise, light, traffic and vibrations. The tribes were also concerned that exploratory drilling might affect aquifers including wildlife, flora, fauna, and gathering areas. ","Unpatented mining claims on the site of the project led to a dispute with another developer that took two years to be fully resolved; the developer was delayed in obtaining a third exploratory permit from BLM due to intense opposition from nearby tribes and others.   The request for the third exploratory program was filed on March 12, 2021.  The public comment period began in April 2021 and was extended twice.  The developer ultimately agreed to several changes to the exploration plan to secure BLM approval in June 2024. The first and second exploratory activities were in 2019, 16 holes covering 1.57 acres and then 37 holes covering 4.98 acres.  The third permit allows 131 holes covering 21 acres over an 18-month period. In late 2024, a federal court issued an injunction against BLM’s approval of exploration (third phase) on the grounds of inadequate consultation with tribal groups and threat to a historical and spiritual site.",,,,"Northern Arizona on Interstate 93 (I-93) near small town of Wikieup, about halfway between Phoenix and Las Vegas.",,,partnered with Navajo Transitional Energy Company- handling operations and permitting process,,,,,,,,Preliminary tests with contractors Hazen Research & KCA to determine feasibility. Using sulphuric acid to extract Li,,,,,,,,,,,,,"In August of 2024, a federal judge overturned the third exploratory drilling plan that was approved by the BLM earlier in June, even though plan was changed extensively to accommodate some tribal concerns. Litigants included EarthJustice and a local tribe. In November of 2024, the US District Court For the District of Arizona ordered that Arizona Lithium cannot continue any work that was previously authorized by BLM’s June 6th or 9th decision letters. The Hualapai Tribe’s request to extend the temporary restraining order into a preliminary injunction was also granted.",,,,,
Bingham Canyon (Kennecott),,,,"One of the largest open-pit copper mines in the world; it began operations in 1906. Since acquiring the Kennecott operations in 1989, Rio Tinto has invested more than $5 billion towards modernisation, environmental upgrades and mine-life extension.","Rio Tinto is expanding the underground portion of the mine with a $920 million investment. Copper production from the underground north rim skarn began in 2024; operations are planned to deliver around 250,000 tons of mined copper over the next 10 years, roughly 25% of US copper consumption.",,,,,"Located near town of Herriman (55,144, 2020), Salt Lake County, Utah. Eastern portion of the Oquirrh Mountains, approximately 16 miles south-west of the Salt Lake City, Utah, US.",,,The company was first formed in 1898 as the Boston Consolidated Mining Company. The current corporation was formed in 1989.,,,,,Rio Tinto acquired the Kennecott operations in 1989.,,,,"Virtually all processing is performed on site. Crushed ore is transported on a 5-mile conveyor and stockpiled at the Concentrator, where it is ground into fine particles. After treatment with air, water, and chemical reagents, the concentrate is transported to a smelter via pipeline.",,,,,,,,,,,,,,,,,
Black Butte,,,,,Development. Mine construction was delayed during years of litigation over the Montana DEQ operating permit.  The developer has not yet announced a timetable for construction after the favorable 2024 decision of the Montana State Supreme Court.,"The developer is managing opposition from several conservation groups and mayors of towns that are downstream of the planned project. In 2018 the developer helped defeat (56% - 44%) a statewide ballot proposition (Montana I-186) that would have restricted permitting for mining projects such as Black Butte. The developer is also managing two sets of multi-year lawsuits against its permits, and both cases reached the Montana Supreme Court.",,,,"Located 17 miles north of White Sulphur Springs (955, 2020), central Montana.",,,,,,,,,,,,,,,,,,,,,,,,"In 2024 the Montana Supreme Court upheld the project's operating permit, reversing the lower court's decision. A separate lawsuit alleged the Montana Department of Environmental Quality should have required more permits for the project's planned usage of groundwater. The Montana Supreme Court heard the case in March 2024 and has not yet released a decision.",,,,,
Black Hills -- Longview Minerals,,,,,The developer began drilling on private land in 2022 and is engaged in expanded diamond core exploratory drilling under permits from the South Dakota Department of Agriculture and Natural Resources.  ,,,,,"Four miles south of Custer (population 1,919, 2020), Custer County, southwestern South Dakota. ",,,,,,,,,,,,,,,,,,,,," The developer controls an expansive footprint of 2,469 federal mineral lode claims, including 33Ha of patented claims and 22,300Ha of BLM claims.  ",,,,,,,,
Black Hills -- Midwest Lithium,Also called South Dakota Lithium Project,,,,"The developer is undertaking exploration geology work preparing for its first drill program, which involves detailed channel sampling, mapping, geochemistry analysis, and target generation.  Midwest Lithium’s projects are located in the Black Hills region, encompassing five key areas, notably Keystone, Hill City, Phelps, Tin Mountain, and Scott’s Rose.","Mining opponents have sought unsuccessfully to classify lithium as hard rock mining, which would impose stricter mining regulations. ",,,,"Near Custer (1,919, 2020), Custer County, southwest South Dakota.  Also ¼ mile south of municipal boundary of Hill City. Hill City is the oldest existing city in Pennington County, South Dakota, United States. The population was 872 at the 2020 census. But as of the 2024 census, the population is now over 1,000. Hill City is located 26 miles (42 km) southwest of Rapid City on U.S. Highway 16 and on U.S. Route 385 that connects Deadwood to Hot Springs.","Visible spodumene and other lithium minerals are easily identified around the Black Hills mining district, which is home to a number of historical mines and some of the first spodumene processing plants worldwide (1890 through World War II), indicating that spodumene in the region can be easily extracted through conventional DMS and flotation methods.  ",,,,,"Armada Metals (Australia), which wholly owns Midwest Lithium (Switzerland/Australia), is undergoing a name change to Rapid Lithium Limited. ",," In October 2024, Armada purchased 100% of Midwest Lithium.  Armada acquired a 100% equity interest in Midwest from its various securityholders in exchange for the issue of 343 million shares, at completion of the transaction representing 50% of Armada’s capital following the recently completed equity raise.",,, Processing is planned to be on-site. ,,,,,,,,,,"The South Dakota lithium project comprises of around 23,500 acres of both Federal and Private Land.",,,,,,,,
Black Hills -- Patriot Lithium,"The Black Hills -- Patriot Lithium project is made up of the Tinton West Project (South Dakota/Wyoming) and the Keystone Project (South Dakota).
",,,"The Etta Mine at Keystone was an important global lithium source in the first half of the 20th century and operated for over 60 years (1898 to 1960). At times it was the main source of spodumene in the world and is famous for its very large (up to >14 m-long) spodumene crystals, the largest known on Earth.","In 2023 the developer began a mapping and sampling program following its recently completed reconnaissance work, which identified areas of high prospectivity for pegmatite-hosted lithium mineralization. The developer’s exploration activities have confirmed that the site, once a lithium mine, is a promising site for lithium development.  Patriot Lithium is expanding exploration at its prospective Black Hills portfolio, which includes the Keystone and Tinton West projects across South Dakota and Wyoming. ",,,,,"Trinton West Project -- The Tinton West Project is situated in the northern Black Hills straddling the boundary between Lawrence County, South Dakota, and Crook County, Wyoming. The Project area is located 18 km southwest of the town of Spearfish (pop 13,282, 2023) and 72 km northwest of Rapid City (pop 74,703, 2020). Of the 69 unpatented lode mining claims at the Tinton West Project, 20 are located in South Dakota (referred to as the TSD Claim Group) and 49 are located in Wyoming (TW Claim Group). All claims are wholly owned by Patriot Lithium; Keystone Project -- The Keystone Project encircles the town of Keystone (pop 240, 2020), Pennington County, a small settlement in the central-eastern Black Hills, approximately 26 km southwest of Rapid City (pop 74,703, 2020), the 2nd largest city in the state of South Dakota. The Keystone Project comprises 255 unpatented lode mining claims in four separate blocks that are held 100% by Patriot Lithium. The claims, referred to as the Key Claim Group, are located on public lands in the Black Hills National Forest of Pennington and Custer counties, South Dakota. ","The Black Hills mining region of South Dakota is perhaps best known for its rich gold deposits like Homestake, where 44Moz was mined over 100 years. But, until recently, most people wouldn’t have been aware of its history as one of the largest producing lithium districts in the world from the late 1800s to the mid to late 1900s. It is not one of those lithium districts previously mined for its tin or tantalum – this was a true lithium mining district. That means the geology and metallurgy is well understood.  It also boasts the largest spodumene crystals (~6% lithium) in the world. How big? The Etta mine — at times the main source of spodumene in the world — yielded the largest (up to 15m long, weighing 90 tonnes) spodumene crystals ever mined. ",,Patriot Lithium (AU) was founded in 2021; Patriot Lithium has secured a binding option agreement to acquire an 80% stake in the Katwaro Copper Project in Zambia from Array Metals and Natural Resources. The move aims to diversify the company’s asset portfolio and provide jurisdictional diversity. The Katwaro Project near Mumbwa encompasses 400ha and features a historical open-pit mine with copper-bearing meta-sediments.,,,,,,,,,,,,,,,,,,,,,,,,,,
Black Hills -- United Lithium,"Also referred to as ""Liberty Lithum Project""
",,,Area was mined for lithium-beryillium during World War 2.,,,,,,"The Project is near Pringle (pop 109, 2020), south of Custer (pop 1,919, 2020), Custer County, southwestern South Dakota, more than 10 miles (16 kms) from Mount Rushmore and the Crazy Horse National Monument. ",,,,,,,,,,,,,,,,,,,,Black Hills National Forest (USFS).,The developer staked over 500 unpatented lode claims covering more than 15 square miles (nearly 40 square kilometers) in the west and southwest parts of the Black Hills. Additional claims staked later. ,,,,,,,,
Blackpine,,,,Land includes old Blackpine copper mine operated from 1945 to 1965.,In FY 2023 Annual Report the developer stated there was no significant exploration activity at the site and no progress has been made; Koba Resources reports in its FY 2024 Annual Report that no significant work was done at its cobalt projects in FY 2024.,,,,,"Near Cobalt (pop 13, 2020), central Idaho. ",,,,,,,,,,,,,,,,,,,,,,Public land with US Forest Service oversight.,,,,,,,
